﻿<ENCOUNTERS>
  <Diagnosis>
    <encounter_id>29775</encounter_id>
    <LATERALITY></LATERALITY>
    <CODE>361.01</CODE>
    <NAME>361.01</NAME>
    <COMMENT_TEXT>part detach-singl defec</COMMENT_TEXT>
  </Diagnosis>
  <Diagnosis>
    <encounter_id>29775</encounter_id>
    <LATERALITY></LATERALITY>
    <CODE>850.9</CODE>
    <NAME>850.9</NAME>
    <COMMENT_TEXT>CONCUSSION</COMMENT_TEXT>
  </Diagnosis>
  <Diagnosis>
    <encounter_id>29775</encounter_id>
    <LATERALITY></LATERALITY>
    <CODE>993.0</CODE>
    <NAME>993.0</NAME>
    <COMMENT_TEXT>OTITIC BAROTRAUMA</COMMENT_TEXT>
  </Diagnosis>
  <Diagnosis>
    <encounter_id>29776</encounter_id>
    <LATERALITY>RIGHT</LATERALITY>
    <CODE>360.63</CODE>
    <NAME>360.63</NAME>
    <COMMENT_TEXT>foreign body in lens</COMMENT_TEXT>
  </Diagnosis>
  <Diagnosis>
    <encounter_id>29776</encounter_id>
    <LATERALITY></LATERALITY>
    <CODE>360.64</CODE>
    <NAME>360.64</NAME>
    <COMMENT_TEXT>foreign body in vitreous</COMMENT_TEXT>
  </Diagnosis>
  <Diagnosis>
    <encounter_id>29777</encounter_id>
    <LATERALITY></LATERALITY>
    <CODE>361.01</CODE>
    <NAME>361.01</NAME>
    <COMMENT_TEXT>part detach-singl defec</COMMENT_TEXT>
  </Diagnosis>
  <Diagnosis>
    <encounter_id>29777</encounter_id>
    <LATERALITY></LATERALITY>
    <CODE>724.5</CODE>
    <NAME>724.5</NAME>
    <COMMENT_TEXT>BACKACHE</COMMENT_TEXT>
  </Diagnosis>
  <Diagnosis>
    <encounter_id>29777</encounter_id>
    <LATERALITY></LATERALITY>
    <CODE>850.9</CODE>
    <NAME>850.9</NAME>
    <COMMENT_TEXT>CONCUSSION</COMMENT_TEXT>
  </Diagnosis>
  <Diagnosis>
    <encounter_id>29777</encounter_id>
    <LATERALITY></LATERALITY>
    <CODE>993.0</CODE>
    <NAME>993.0</NAME>
    <COMMENT_TEXT>OTITIC BAROTRAUMA</COMMENT_TEXT>
  </Diagnosis>
  <Diagnosis>
    <encounter_id>29778</encounter_id>
    <LATERALITY></LATERALITY>
    <CODE>362.17</CODE>
    <NAME>362.17</NAME>
    <COMMENT_TEXT>retinal varices</COMMENT_TEXT>
  </Diagnosis>
  <Diagnosis>
    <encounter_id>29778</encounter_id>
    <LATERALITY></LATERALITY>
    <CODE>364.3</CODE>
    <NAME>364.3</NAME>
    <COMMENT_TEXT>IRITIS ACUTE PRIMARY TRAUMATIC</COMMENT_TEXT>
  </Diagnosis>
  <Diagnosis>
    <encounter_id>29778</encounter_id>
    <LATERALITY></LATERALITY>
    <CODE>918.1</CODE>
    <NAME>918.1</NAME>
    <COMMENT_TEXT>SUPERFICIAL INJURY - ABRASION OF CORNEA</COMMENT_TEXT>
  </Diagnosis>
  <Diagnosis>
    <encounter_id>29779</encounter_id>
    <LATERALITY></LATERALITY>
    <CODE>854.09</CODE>
    <NAME>854.09</NAME>
    <COMMENT_TEXT>intracranial injury of other and unspecified nature, without mention of open intracranial wound</COMMENT_TEXT>
  </Diagnosis>
  <Diagnosis>
    <encounter_id>29780</encounter_id>
    <LATERALITY></LATERALITY>
    <CODE>870.1</CODE>
    <NAME>870.1</NAME>
    <COMMENT_TEXT>laceration of eyelid, full-thickness, not involving lacrimal passages</COMMENT_TEXT>
  </Diagnosis>
  <Diagnosis>
    <encounter_id>29780</encounter_id>
    <LATERALITY></LATERALITY>
    <CODE>850.9</CODE>
    <NAME>850.9</NAME>
    <COMMENT_TEXT>CONCUSSION</COMMENT_TEXT>
  </Diagnosis>
  <Diagnosis>
    <encounter_id>29780</encounter_id>
    <LATERALITY></LATERALITY>
    <CODE>870.4</CODE>
    <NAME>870.4</NAME>
    <COMMENT_TEXT>penetrating wound of orbit with foreign body</COMMENT_TEXT>
  </Diagnosis>
  <Diagnosis>
    <encounter_id>29780</encounter_id>
    <LATERALITY></LATERALITY>
    <CODE>871.0</CODE>
    <NAME>871.0</NAME>
    <COMMENT_TEXT>ocular laceration without prolapse of intraocular tissue</COMMENT_TEXT>
  </Diagnosis>
  <Diagnosis>
    <encounter_id>29780</encounter_id>
    <LATERALITY></LATERALITY>
    <CODE>v45.6</CODE>
    <NAME>v45.6</NAME>
  </Diagnosis>
  <Diagnosis>
    <encounter_id>29781</encounter_id>
    <LATERALITY></LATERALITY>
    <CODE>871.0</CODE>
    <NAME>871.0</NAME>
    <COMMENT_TEXT>ocular laceration without prolapse of intraocular tissue</COMMENT_TEXT>
  </Diagnosis>
  <Diagnosis>
    <encounter_id>29781</encounter_id>
    <LATERALITY></LATERALITY>
    <CODE>850.9</CODE>
    <NAME>850.9</NAME>
    <COMMENT_TEXT>CONCUSSION</COMMENT_TEXT>
  </Diagnosis>
  <Diagnosis>
    <encounter_id>29781</encounter_id>
    <LATERALITY></LATERALITY>
    <CODE>870.1</CODE>
    <NAME>870.1</NAME>
    <COMMENT_TEXT>laceration of eyelid, full-thickness, not involving lacrimal passages</COMMENT_TEXT>
  </Diagnosis>
  <Diagnosis>
    <encounter_id>29781</encounter_id>
    <LATERALITY></LATERALITY>
    <CODE>870.4</CODE>
    <NAME>870.4</NAME>
    <COMMENT_TEXT>penetrating wound of orbit with foreign body</COMMENT_TEXT>
  </Diagnosis>
  <Diagnosis>
    <encounter_id>29782</encounter_id>
    <LATERALITY></LATERALITY>
    <CODE>871.6</CODE>
    <NAME>871.6</NAME>
    <COMMENT_TEXT>penetration of eyeball with (nonmagnetic) foreign body</COMMENT_TEXT>
  </Diagnosis>
  <Diagnosis>
    <encounter_id>29783</encounter_id>
    <LATERALITY></LATERALITY>
    <CODE>944.28</CODE>
    <NAME>944.28</NAME>
  </Diagnosis>
  <Diagnosis>
    <encounter_id>29783</encounter_id>
    <LATERALITY></LATERALITY>
    <CODE>948.2</CODE>
    <NAME>948.2</NAME>
  </Diagnosis>
  <Diagnosis>
    <encounter_id>29783</encounter_id>
    <LATERALITY></LATERALITY>
    <CODE>941.2</CODE>
    <NAME>941.2</NAME>
  </Diagnosis>
  <Diagnosis>
    <encounter_id>29784</encounter_id>
    <LATERALITY></LATERALITY>
    <CODE>877</CODE>
    <NAME>877</NAME>
  </Diagnosis>
  <Diagnosis>
    <encounter_id>29784</encounter_id>
    <LATERALITY></LATERALITY>
    <CODE>878.2</CODE>
    <NAME>878.2</NAME>
  </Diagnosis>
  <Diagnosis>
    <encounter_id>29784</encounter_id>
    <LATERALITY></LATERALITY>
    <CODE>890</CODE>
    <NAME>890</NAME>
  </Diagnosis>
  <Diagnosis>
    <encounter_id>29784</encounter_id>
    <LATERALITY></LATERALITY>
    <CODE>821.1</CODE>
    <NAME>821.1</NAME>
  </Diagnosis>
  <Diagnosis>
    <encounter_id>29784</encounter_id>
    <LATERALITY></LATERALITY>
    <CODE>871.7</CODE>
    <NAME>871.7</NAME>
  </Diagnosis>
  <Diagnosis>
    <encounter_id>29784</encounter_id>
    <LATERALITY></LATERALITY>
    <CODE>930.9</CODE>
    <NAME>930.9</NAME>
  </Diagnosis>
  <Diagnosis>
    <encounter_id>29785</encounter_id>
    <LATERALITY></LATERALITY>
    <CODE>941.3</CODE>
    <NAME>941.3</NAME>
  </Diagnosis>
  <Diagnosis>
    <encounter_id>29785</encounter_id>
    <LATERALITY></LATERALITY>
    <CODE>017.3</CODE>
    <NAME>017.3</NAME>
  </Diagnosis>
  <Diagnosis>
    <encounter_id>29786</encounter_id>
    <LATERALITY></LATERALITY>
    <CODE>921.9</CODE>
    <NAME>921.9</NAME>
    <COMMENT_TEXT>CONTUSION OF EYE UNSPEC</COMMENT_TEXT>
  </Diagnosis>
  <Diagnosis>
    <encounter_id>29787</encounter_id>
    <LATERALITY></LATERALITY>
    <CODE>919.1</CODE>
    <NAME>919.1</NAME>
    <COMMENT_TEXT>SUPERFICIAL INJURY CORNEA</COMMENT_TEXT>
  </Diagnosis>
  <Diagnosis>
    <encounter_id>29787</encounter_id>
    <LATERALITY></LATERALITY>
    <CODE>366.11</CODE>
    <NAME>366.11</NAME>
  </Diagnosis>
  <Diagnosis>
    <encounter_id>29787</encounter_id>
    <LATERALITY></LATERALITY>
    <CODE>800.13</CODE>
    <NAME>800.13</NAME>
  </Diagnosis>
  <Diagnosis>
    <encounter_id>29787</encounter_id>
    <LATERALITY></LATERALITY>
    <CODE>378.23</CODE>
    <NAME>378.23</NAME>
  </Diagnosis>
  <Diagnosis>
    <encounter_id>29788</encounter_id>
    <LATERALITY></LATERALITY>
    <CODE>919.9</CODE>
    <NAME>919.9</NAME>
    <COMMENT_TEXT>SUPERFICIAL INJURY EYE OT</COMMENT_TEXT>
  </Diagnosis>
  <Diagnosis>
    <encounter_id>29789</encounter_id>
    <LATERALITY></LATERALITY>
    <CODE>950.0</CODE>
    <NAME>950.0</NAME>
    <COMMENT_TEXT>LAC EYELID SKN/PERIOCULR</COMMENT_TEXT>
  </Diagnosis>
  <Diagnosis>
    <encounter_id>29790</encounter_id>
    <LATERALITY></LATERALITY>
    <CODE>950.9</CODE>
    <NAME>950.9</NAME>
    <COMMENT_TEXT>OPEN WND OCULAR ADNEX OT</COMMENT_TEXT>
  </Diagnosis>
  <Diagnosis>
    <encounter_id>29790</encounter_id>
    <LATERALITY></LATERALITY>
    <CODE>95.11</CODE>
    <NAME>95.11</NAME>
  </Diagnosis>
  <Diagnosis>
    <encounter_id>29790</encounter_id>
    <LATERALITY></LATERALITY>
    <CODE>017.36</CODE>
    <NAME>017.36</NAME>
  </Diagnosis>
  <Diagnosis>
    <encounter_id>29791</encounter_id>
    <LATERALITY></LATERALITY>
    <CODE>921.1</CODE>
    <NAME>921.1</NAME>
    <COMMENT_TEXT>CONTUSION OF EYEBALL</COMMENT_TEXT>
  </Diagnosis>
  <Diagnosis>
    <encounter_id>29792</encounter_id>
    <LATERALITY></LATERALITY>
    <CODE>919.1</CODE>
    <NAME>919.1</NAME>
    <COMMENT_TEXT>SUPERFICIAL INJURY CORNEA</COMMENT_TEXT>
  </Diagnosis>
  <Diagnosis>
    <encounter_id>29793</encounter_id>
    <LATERALITY></LATERALITY>
    <CODE>919.1</CODE>
    <NAME>919.1</NAME>
    <COMMENT_TEXT>SUPERFICIAL INJURY CORNEA</COMMENT_TEXT>
  </Diagnosis>
  <Diagnosis>
    <encounter_id>29794</encounter_id>
    <LATERALITY></LATERALITY>
    <CODE>919.2</CODE>
    <NAME>919.2</NAME>
    <COMMENT_TEXT>SUPERFIC INJURY CONJUNCTIVA</COMMENT_TEXT>
  </Diagnosis>
  <Diagnosis>
    <encounter_id>29795</encounter_id>
    <LATERALITY></LATERALITY>
    <CODE>919.1</CODE>
    <NAME>919.1</NAME>
    <COMMENT_TEXT>SUPERFICIAL INJURY CORNEA</COMMENT_TEXT>
  </Diagnosis>
  <Diagnosis>
    <encounter_id>29795</encounter_id>
    <LATERALITY></LATERALITY>
    <CODE>800.9</CODE>
    <NAME>800.9</NAME>
  </Diagnosis>
  <Diagnosis>
    <encounter_id>29796</encounter_id>
    <LATERALITY></LATERALITY>
    <CODE>902.5</CODE>
    <NAME>902.5</NAME>
    <COMMENT_TEXT>FX ORBITAL FLOOR OPEN</COMMENT_TEXT>
  </Diagnosis>
  <Diagnosis>
    <encounter_id>29796</encounter_id>
    <LATERALITY></LATERALITY>
    <CODE>017.30</CODE>
    <NAME>017.30</NAME>
  </Diagnosis>
  <Diagnosis>
    <encounter_id>29797</encounter_id>
    <LATERALITY></LATERALITY>
    <CODE>053.22</CODE>
    <NAME>053.22</NAME>
  </Diagnosis>
  <Diagnosis>
    <encounter_id>29797</encounter_id>
    <LATERALITY></LATERALITY>
    <CODE>951.5</CODE>
    <NAME>951.5</NAME>
    <COMMENT_TEXT>OCULAR PENETRATION UNSPEC</COMMENT_TEXT>
  </Diagnosis>
  <Diagnosis>
    <encounter_id>29798</encounter_id>
    <LATERALITY></LATERALITY>
    <CODE>970.9</CODE>
    <NAME>970.9</NAME>
    <COMMENT_TEXT>INJ OPTIC NERV/PATH UNSPEC</COMMENT_TEXT>
  </Diagnosis>
  <Diagnosis>
    <encounter_id>29799</encounter_id>
    <LATERALITY></LATERALITY>
    <CODE>919.2</CODE>
    <NAME>919.2</NAME>
    <COMMENT_TEXT>SUPERFIC INJURY CONJUNCTIVA</COMMENT_TEXT>
  </Diagnosis>
  <Diagnosis>
    <encounter_id>29800</encounter_id>
    <LATERALITY></LATERALITY>
    <CODE>921.1</CODE>
    <NAME>921.1</NAME>
    <COMMENT_TEXT>CONTUSION OF EYEBALL</COMMENT_TEXT>
  </Diagnosis>
  <Diagnosis>
    <encounter_id>29800</encounter_id>
    <LATERALITY></LATERALITY>
    <CODE>054.44</CODE>
    <NAME>054.44</NAME>
  </Diagnosis>
  <Diagnosis>
    <encounter_id>29801</encounter_id>
    <LATERALITY></LATERALITY>
    <CODE>919.1</CODE>
    <NAME>919.1</NAME>
    <COMMENT_TEXT>SUPERFICIAL INJURY CORNEA</COMMENT_TEXT>
  </Diagnosis>
  <Diagnosis>
    <encounter_id>29802</encounter_id>
    <LATERALITY></LATERALITY>
    <CODE>921.1</CODE>
    <NAME>921.1</NAME>
    <COMMENT_TEXT>CONTUSION PERIOCULAR</COMMENT_TEXT>
  </Diagnosis>
  <Diagnosis>
    <encounter_id>29802</encounter_id>
    <LATERALITY></LATERALITY>
    <CODE>801.09</CODE>
    <NAME>801.09</NAME>
  </Diagnosis>
  <Diagnosis>
    <encounter_id>29802</encounter_id>
    <LATERALITY></LATERALITY>
    <CODE>800.65</CODE>
    <NAME>800.65</NAME>
  </Diagnosis>
  <Diagnosis>
    <encounter_id>29803</encounter_id>
    <LATERALITY></LATERALITY>
    <CODE>921.9</CODE>
    <NAME>921.9</NAME>
    <COMMENT_TEXT>CONTUSION OF EYE UNSPEC</COMMENT_TEXT>
  </Diagnosis>
  <Diagnosis>
    <encounter_id>29804</encounter_id>
    <LATERALITY></LATERALITY>
    <CODE>970.0</CODE>
    <NAME>970.0</NAME>
    <COMMENT_TEXT>OPTIC NERVE INJURY</COMMENT_TEXT>
  </Diagnosis>
  <Diagnosis>
    <encounter_id>29804</encounter_id>
    <LATERALITY></LATERALITY>
    <CODE>950.4</CODE>
    <NAME>950.4</NAME>
    <COMMENT_TEXT>PENETRAT WND ORBIT W/FB</COMMENT_TEXT>
  </Diagnosis>
  <Diagnosis>
    <encounter_id>29804</encounter_id>
    <LATERALITY></LATERALITY>
    <CODE>362.04</CODE>
    <NAME>362.04</NAME>
  </Diagnosis>
  <Diagnosis>
    <encounter_id>29804</encounter_id>
    <LATERALITY></LATERALITY>
    <CODE>921.0</CODE>
    <NAME>921.0</NAME>
  </Diagnosis>
  <Diagnosis>
    <encounter_id>29805</encounter_id>
    <LATERALITY></LATERALITY>
    <CODE>950.4</CODE>
    <NAME>950.4</NAME>
    <COMMENT_TEXT>PENETRAT WND ORBIT W/FB</COMMENT_TEXT>
  </Diagnosis>
  <Diagnosis>
    <encounter_id>29809</encounter_id>
    <LATERALITY></LATERALITY>
    <CODE>016.29</CODE>
    <NAME>016.29</NAME>
  </Diagnosis>
  <Diagnosis>
    <encounter_id>29811</encounter_id>
    <LATERALITY></LATERALITY>
    <CODE>360.8</CODE>
    <NAME>360.8</NAME>
  </Diagnosis>
  <Diagnosis>
    <encounter_id>29812</encounter_id>
    <LATERALITY></LATERALITY>
    <CODE>782.3</CODE>
    <NAME>782.3</NAME>
  </Diagnosis>
  <Diagnosis>
    <encounter_id>29812</encounter_id>
    <LATERALITY></LATERALITY>
    <CODE>371.4</CODE>
    <NAME>371.4</NAME>
  </Diagnosis>
  <Diagnosis>
    <encounter_id>29812</encounter_id>
    <LATERALITY></LATERALITY>
    <CODE>379.93</CODE>
    <NAME>379.93</NAME>
  </Diagnosis>
  <Diagnosis>
    <encounter_id>29812</encounter_id>
    <LATERALITY></LATERALITY>
    <CODE>372.03</CODE>
    <NAME>372.03</NAME>
  </Diagnosis>
  <Diagnosis>
    <encounter_id>29814</encounter_id>
    <LATERALITY></LATERALITY>
    <CODE>376.03</CODE>
    <NAME>376.03</NAME>
  </Diagnosis>
  <Diagnosis>
    <encounter_id>29814</encounter_id>
    <LATERALITY></LATERALITY>
    <CODE>800.7</CODE>
    <NAME>800.7</NAME>
  </Diagnosis>
  <Diagnosis>
    <encounter_id>29814</encounter_id>
    <LATERALITY></LATERALITY>
    <CODE>377.22</CODE>
    <NAME>377.22</NAME>
  </Diagnosis>
  <Diagnosis>
    <encounter_id>29820</encounter_id>
    <LATERALITY></LATERALITY>
    <CODE>017.34</CODE>
    <NAME>017.34</NAME>
  </Diagnosis>
  <Diagnosis>
    <encounter_id>29821</encounter_id>
    <LATERALITY></LATERALITY>
    <CODE>365.13</CODE>
    <NAME>365.13</NAME>
    <COMMENT_TEXT>linguens cognitio, quo gravis quoque Versus si vantis. homo, linguens fecit, venit. imaginator apparens</COMMENT_TEXT>
  </Diagnosis>
  <Diagnosis>
    <encounter_id>29823</encounter_id>
    <LATERALITY></LATERALITY>
    <CODE>053.22</CODE>
    <NAME>053.22</NAME>
  </Diagnosis>
  <Diagnosis>
    <encounter_id>29823</encounter_id>
    <LATERALITY></LATERALITY>
    <CODE>053.22</CODE>
    <NAME>053.22</NAME>
  </Diagnosis>
  <Diagnosis>
    <encounter_id>29827</encounter_id>
    <LATERALITY></LATERALITY>
    <CODE>360.8</CODE>
    <NAME>360.8</NAME>
  </Diagnosis>
  <Diagnosis>
    <encounter_id>29827</encounter_id>
    <LATERALITY></LATERALITY>
    <CODE>369.11</CODE>
    <NAME>369.11</NAME>
    <COMMENT_TEXT>quo, Multum regit, glavans parte brevens, linguens habitatio funem. brevens, funem. Et quoque quad novum</COMMENT_TEXT>
  </Diagnosis>
  <Diagnosis>
    <encounter_id>29828</encounter_id>
    <LATERALITY></LATERALITY>
    <CODE>054.42</CODE>
    <NAME>054.42</NAME>
  </Diagnosis>
  <Diagnosis>
    <encounter_id>29830</encounter_id>
    <LATERALITY></LATERALITY>
    <CODE>906.0á</CODE>
    <NAME>906.0á</NAME>
  </Diagnosis>
  <Diagnosis>
    <encounter_id>29834</encounter_id>
    <LATERALITY></LATERALITY>
    <CODE>379.05</CODE>
    <NAME>379.05</NAME>
  </Diagnosis>
  <Diagnosis>
    <encounter_id>29837</encounter_id>
    <LATERALITY></LATERALITY>
    <CODE>371.7</CODE>
    <NAME>371.7</NAME>
  </Diagnosis>
  <Diagnosis>
    <encounter_id>29837</encounter_id>
    <LATERALITY></LATERALITY>
    <CODE>363.3</CODE>
    <NAME>363.3</NAME>
  </Diagnosis>
  <Diagnosis>
    <encounter_id>29837</encounter_id>
    <LATERALITY></LATERALITY>
    <CODE>173.1</CODE>
    <NAME>173.1</NAME>
    <COMMENT_TEXT>in funem. bono nomen imaginator habitatio novum nomen egreddior eggredior. Pro cognitio, Et quantare</COMMENT_TEXT>
  </Diagnosis>
  <Diagnosis>
    <encounter_id>29844</encounter_id>
    <LATERALITY></LATERALITY>
    <CODE>371.4</CODE>
    <NAME>371.4</NAME>
  </Diagnosis>
  <Diagnosis>
    <encounter_id>29851</encounter_id>
    <LATERALITY></LATERALITY>
    <CODE>800.7</CODE>
    <NAME>800.7</NAME>
  </Diagnosis>
  <Diagnosis>
    <encounter_id>29857</encounter_id>
    <LATERALITY></LATERALITY>
    <CODE>017.35</CODE>
    <NAME>017.35</NAME>
  </Diagnosis>
  <Diagnosis>
    <encounter_id>29857</encounter_id>
    <LATERALITY></LATERALITY>
    <CODE>369.13</CODE>
    <NAME>369.13</NAME>
    <COMMENT_TEXT>fecit. vobis vobis cognitio, non si quad pladior vobis Pro plorum pars in estis quad vantis. quad quo</COMMENT_TEXT>
  </Diagnosis>
  <Diagnosis>
    <encounter_id>29860</encounter_id>
    <LATERALITY></LATERALITY>
    <CODE>95.05</CODE>
    <NAME>95.05</NAME>
  </Diagnosis>
  <Diagnosis>
    <encounter_id>29860</encounter_id>
    <LATERALITY></LATERALITY>
    <CODE>017.32</CODE>
    <NAME>017.32</NAME>
  </Diagnosis>
  <Diagnosis>
    <encounter_id>29860</encounter_id>
    <LATERALITY></LATERALITY>
    <CODE>053.21</CODE>
    <NAME>053.21</NAME>
  </Diagnosis>
  <Diagnosis>
    <encounter_id>29865</encounter_id>
    <LATERALITY>RIGHT</LATERALITY>
    <CODE>224.4</CODE>
    <NAME>224.4</NAME>
  </Diagnosis>
  <Diagnosis>
    <encounter_id>29867</encounter_id>
    <LATERALITY></LATERALITY>
    <CODE>017.32</CODE>
    <NAME>017.32</NAME>
  </Diagnosis>
  <Diagnosis>
    <encounter_id>29867</encounter_id>
    <LATERALITY></LATERALITY>
    <CODE>053.21</CODE>
    <NAME>053.21</NAME>
  </Diagnosis>
  <Diagnosis>
    <encounter_id>29867</encounter_id>
    <LATERALITY></LATERALITY>
    <CODE>950.4</CODE>
    <NAME>950.4</NAME>
    <COMMENT_TEXT>Penetrat WND</COMMENT_TEXT>
  </Diagnosis>
  <Diagnosis>
    <encounter_id>29868</encounter_id>
    <LATERALITY></LATERALITY>
    <CODE>919.1</CODE>
    <NAME>919.1</NAME>
    <COMMENT_TEXT>Superficial</COMMENT_TEXT>
  </Diagnosis>
  <Diagnosis>
    <encounter_id>29868</encounter_id>
    <LATERALITY></LATERALITY>
    <CODE>743.9</CODE>
    <NAME>743.9</NAME>
  </Diagnosis>
  <Diagnosis>
    <encounter_id>29868</encounter_id>
    <LATERALITY></LATERALITY>
    <CODE>378.51</CODE>
    <NAME>378.51</NAME>
  </Diagnosis>
  <Diagnosis>
    <encounter_id>29869</encounter_id>
    <LATERALITY></LATERALITY>
    <CODE>016.29</CODE>
    <NAME>016.29</NAME>
  </Diagnosis>
  <Diagnosis>
    <encounter_id>29870</encounter_id>
    <LATERALITY></LATERALITY>
    <CODE>919.1</CODE>
    <NAME>919.1</NAME>
    <COMMENT_TEXT>Superficial</COMMENT_TEXT>
  </Diagnosis>
  <Diagnosis>
    <encounter_id>29870</encounter_id>
    <LATERALITY></LATERALITY>
    <CODE>804.63</CODE>
    <NAME>804.63</NAME>
  </Diagnosis>
  <Diagnosis>
    <encounter_id>29871</encounter_id>
    <LATERALITY></LATERALITY>
    <CODE>919.1</CODE>
    <NAME>919.1</NAME>
    <COMMENT_TEXT>Superficial</COMMENT_TEXT>
  </Diagnosis>
  <Diagnosis>
    <encounter_id>29872</encounter_id>
    <LATERALITY></LATERALITY>
    <CODE>970.9</CODE>
    <NAME>970.9</NAME>
    <COMMENT_TEXT>Superficial</COMMENT_TEXT>
  </Diagnosis>
  <Diagnosis>
    <encounter_id>29873</encounter_id>
    <LATERALITY></LATERALITY>
    <CODE>970.9</CODE>
    <NAME>970.9</NAME>
    <COMMENT_TEXT>Superficial</COMMENT_TEXT>
  </Diagnosis>
  <Diagnosis>
    <encounter_id>29874</encounter_id>
    <LATERALITY></LATERALITY>
    <CODE>376.01</CODE>
    <NAME>376.01</NAME>
  </Diagnosis>
  <Diagnosis>
    <encounter_id>29874</encounter_id>
    <LATERALITY></LATERALITY>
    <CODE>376.01</CODE>
    <NAME>376.01</NAME>
  </Diagnosis>
  <Diagnosis>
    <encounter_id>29875</encounter_id>
    <LATERALITY>RIGHT</LATERALITY>
    <CODE>370.02</CODE>
    <NAME>370.02</NAME>
  </Diagnosis>
  <Diagnosis>
    <encounter_id>29876</encounter_id>
    <LATERALITY></LATERALITY>
    <CODE>190.0</CODE>
    <NAME>190.0</NAME>
  </Diagnosis>
  <Diagnosis>
    <encounter_id>29876</encounter_id>
    <LATERALITY></LATERALITY>
    <CODE>376.2</CODE>
    <NAME>376.2</NAME>
  </Diagnosis>
  <Diagnosis>
    <encounter_id>29878</encounter_id>
    <LATERALITY></LATERALITY>
    <CODE>017.31</CODE>
    <NAME>017.31</NAME>
  </Diagnosis>
  <Diagnosis>
    <encounter_id>29878</encounter_id>
    <LATERALITY></LATERALITY>
    <CODE>364.2</CODE>
    <NAME>364.2</NAME>
  </Diagnosis>
  <Diagnosis>
    <encounter_id>29878</encounter_id>
    <LATERALITY></LATERALITY>
    <CODE>379.9</CODE>
    <NAME>379.9</NAME>
  </Diagnosis>
  <Diagnosis>
    <encounter_id>29878</encounter_id>
    <LATERALITY></LATERALITY>
    <CODE>362.56</CODE>
    <NAME>362.56</NAME>
  </Diagnosis>
  <Diagnosis>
    <encounter_id>29878</encounter_id>
    <LATERALITY></LATERALITY>
    <CODE>190.1</CODE>
    <NAME>190.1</NAME>
  </Diagnosis>
  <Diagnosis>
    <encounter_id>29878</encounter_id>
    <LATERALITY></LATERALITY>
    <CODE>190.1</CODE>
    <NAME>190.1</NAME>
  </Diagnosis>
  <Diagnosis>
    <encounter_id>29878</encounter_id>
    <LATERALITY></LATERALITY>
    <CODE>190.1</CODE>
    <NAME>190.1</NAME>
  </Diagnosis>
  <Diagnosis>
    <encounter_id>29878</encounter_id>
    <LATERALITY></LATERALITY>
    <CODE>190.1</CODE>
    <NAME>190.1</NAME>
  </Diagnosis>
  <Diagnosis>
    <encounter_id>29878</encounter_id>
    <LATERALITY></LATERALITY>
    <CODE>190.1</CODE>
    <NAME>190.1</NAME>
  </Diagnosis>
  <Diagnosis>
    <encounter_id>29878</encounter_id>
    <LATERALITY></LATERALITY>
    <CODE>190.1</CODE>
    <NAME>190.1</NAME>
  </Diagnosis>
  <Diagnosis>
    <encounter_id>29878</encounter_id>
    <LATERALITY></LATERALITY>
    <CODE>377.14</CODE>
    <NAME>377.14</NAME>
    <COMMENT_TEXT>linguens bono gravis et vantis. esset si regit, travissimantor ut e vobis quad essit. non et trepicandor</COMMENT_TEXT>
  </Diagnosis>
  <Diagnosis>
    <encounter_id>29879</encounter_id>
    <LATERALITY></LATERALITY>
    <CODE>190.1</CODE>
    <NAME>190.1</NAME>
  </Diagnosis>
  <Diagnosis>
    <encounter_id>29879</encounter_id>
    <LATERALITY></LATERALITY>
    <CODE>190.1</CODE>
    <NAME>190.1</NAME>
  </Diagnosis>
  <Diagnosis>
    <encounter_id>29879</encounter_id>
    <LATERALITY></LATERALITY>
    <CODE>190.1</CODE>
    <NAME>190.1</NAME>
  </Diagnosis>
  <Diagnosis>
    <encounter_id>29879</encounter_id>
    <LATERALITY></LATERALITY>
    <CODE>190.1</CODE>
    <NAME>190.1</NAME>
  </Diagnosis>
  <Diagnosis>
    <encounter_id>29879</encounter_id>
    <LATERALITY></LATERALITY>
    <CODE>190.1</CODE>
    <NAME>190.1</NAME>
  </Diagnosis>
  <Diagnosis>
    <encounter_id>29879</encounter_id>
    <LATERALITY></LATERALITY>
    <CODE>190.1</CODE>
    <NAME>190.1</NAME>
  </Diagnosis>
  <Diagnosis>
    <encounter_id>29879</encounter_id>
    <LATERALITY></LATERALITY>
    <CODE>190.1</CODE>
    <NAME>190.1</NAME>
  </Diagnosis>
  <Diagnosis>
    <encounter_id>29879</encounter_id>
    <LATERALITY></LATERALITY>
    <CODE>190.1</CODE>
    <NAME>190.1</NAME>
  </Diagnosis>
  <Diagnosis>
    <encounter_id>29879</encounter_id>
    <LATERALITY></LATERALITY>
    <CODE>190.1</CODE>
    <NAME>190.1</NAME>
  </Diagnosis>
  <Diagnosis>
    <encounter_id>29879</encounter_id>
    <LATERALITY></LATERALITY>
    <CODE>190.1</CODE>
    <NAME>190.1</NAME>
  </Diagnosis>
  <Diagnosis>
    <encounter_id>29879</encounter_id>
    <LATERALITY></LATERALITY>
    <CODE>190.1</CODE>
    <NAME>190.1</NAME>
  </Diagnosis>
  <Diagnosis>
    <encounter_id>29879</encounter_id>
    <LATERALITY></LATERALITY>
    <CODE>190.1</CODE>
    <NAME>190.1</NAME>
  </Diagnosis>
  <Diagnosis>
    <encounter_id>29879</encounter_id>
    <LATERALITY></LATERALITY>
    <CODE>375.69</CODE>
    <NAME>375.69</NAME>
  </Diagnosis>
  <Diagnosis>
    <encounter_id>29879</encounter_id>
    <LATERALITY></LATERALITY>
    <CODE>371.89</CODE>
    <NAME>371.89</NAME>
  </Diagnosis>
  <Diagnosis>
    <encounter_id>29879</encounter_id>
    <LATERALITY></LATERALITY>
    <CODE>372.89</CODE>
    <NAME>372.89</NAME>
  </Diagnosis>
  <Diagnosis>
    <encounter_id>29879</encounter_id>
    <LATERALITY></LATERALITY>
    <CODE>374.89</CODE>
    <NAME>374.89</NAME>
  </Diagnosis>
  <Diagnosis>
    <encounter_id>29879</encounter_id>
    <LATERALITY></LATERALITY>
    <CODE>374</CODE>
    <NAME>374</NAME>
  </Diagnosis>
  <Diagnosis>
    <encounter_id>29879</encounter_id>
    <LATERALITY></LATERALITY>
    <CODE>360.89</CODE>
    <NAME>360.89</NAME>
  </Diagnosis>
  <Diagnosis>
    <encounter_id>29879</encounter_id>
    <LATERALITY></LATERALITY>
    <CODE>364.89</CODE>
    <NAME>364.89</NAME>
  </Diagnosis>
  <Diagnosis>
    <encounter_id>29879</encounter_id>
    <LATERALITY></LATERALITY>
    <CODE>375.89</CODE>
    <NAME>375.89</NAME>
  </Diagnosis>
  <Diagnosis>
    <encounter_id>29879</encounter_id>
    <LATERALITY></LATERALITY>
    <CODE>377.49</CODE>
    <NAME>377.49</NAME>
  </Diagnosis>
  <Diagnosis>
    <encounter_id>29879</encounter_id>
    <LATERALITY></LATERALITY>
    <CODE>367.89</CODE>
    <NAME>367.89</NAME>
  </Diagnosis>
  <Diagnosis>
    <encounter_id>29879</encounter_id>
    <LATERALITY></LATERALITY>
    <CODE>379.19</CODE>
    <NAME>379.19</NAME>
  </Diagnosis>
  <Diagnosis>
    <encounter_id>29879</encounter_id>
    <LATERALITY></LATERALITY>
    <CODE>360.19</CODE>
    <NAME>360.19</NAME>
  </Diagnosis>
  <Diagnosis>
    <encounter_id>29879</encounter_id>
    <LATERALITY></LATERALITY>
    <CODE>361.89</CODE>
    <NAME>361.89</NAME>
  </Diagnosis>
  <Diagnosis>
    <encounter_id>29879</encounter_id>
    <LATERALITY></LATERALITY>
    <CODE>376.89</CODE>
    <NAME>376.89</NAME>
  </Diagnosis>
  <Diagnosis>
    <encounter_id>29879</encounter_id>
    <LATERALITY></LATERALITY>
    <CODE>362.89</CODE>
    <NAME>362.89</NAME>
  </Diagnosis>
  <Diagnosis>
    <encounter_id>29879</encounter_id>
    <LATERALITY></LATERALITY>
    <CODE>800.31</CODE>
    <NAME>800.31</NAME>
  </Diagnosis>
  <Diagnosis>
    <encounter_id>29881</encounter_id>
    <LATERALITY></LATERALITY>
    <CODE>172.1</CODE>
    <NAME>172.1</NAME>
  </Diagnosis>
  <Diagnosis>
    <encounter_id>29881</encounter_id>
    <LATERALITY></LATERALITY>
    <CODE>172.1</CODE>
    <NAME>172.1</NAME>
  </Diagnosis>
  <Diagnosis>
    <encounter_id>29881</encounter_id>
    <LATERALITY></LATERALITY>
    <CODE>012.29</CODE>
    <NAME>012.29</NAME>
  </Diagnosis>
  <Diagnosis>
    <encounter_id>29881</encounter_id>
    <LATERALITY></LATERALITY>
    <CODE>012.29</CODE>
    <NAME>012.29</NAME>
  </Diagnosis>
  <Diagnosis>
    <encounter_id>29881</encounter_id>
    <LATERALITY></LATERALITY>
    <CODE>190.1</CODE>
    <NAME>190.1</NAME>
  </Diagnosis>
  <Diagnosis>
    <encounter_id>29881</encounter_id>
    <LATERALITY></LATERALITY>
    <CODE>190.1</CODE>
    <NAME>190.1</NAME>
  </Diagnosis>
  <Diagnosis>
    <encounter_id>29882</encounter_id>
    <LATERALITY></LATERALITY>
    <CODE>918.2</CODE>
    <NAME>918.2</NAME>
  </Diagnosis>
  <Diagnosis>
    <encounter_id>29882</encounter_id>
    <LATERALITY></LATERALITY>
    <CODE>918.1</CODE>
    <NAME>918.1</NAME>
  </Diagnosis>
  <Diagnosis>
    <encounter_id>29883</encounter_id>
    <LATERALITY></LATERALITY>
    <CODE>375.69</CODE>
    <NAME>375.69</NAME>
  </Diagnosis>
  <Diagnosis>
    <encounter_id>29885</encounter_id>
    <LATERALITY></LATERALITY>
    <CODE>017.35</CODE>
    <NAME>017.35</NAME>
  </Diagnosis>
  <Diagnosis>
    <encounter_id>29886</encounter_id>
    <LATERALITY></LATERALITY>
    <CODE>378.9</CODE>
    <NAME>378.9</NAME>
  </Diagnosis>
  <Diagnosis>
    <encounter_id>29886</encounter_id>
    <LATERALITY></LATERALITY>
    <CODE>379.9</CODE>
    <NAME>379.9</NAME>
  </Diagnosis>
  <Diagnosis>
    <encounter_id>29886</encounter_id>
    <LATERALITY></LATERALITY>
    <CODE>800.1</CODE>
    <NAME>800.1</NAME>
  </Diagnosis>
  <Diagnosis>
    <encounter_id>29886</encounter_id>
    <LATERALITY></LATERALITY>
    <CODE>782.3</CODE>
    <NAME>782.3</NAME>
  </Diagnosis>
  <Diagnosis>
    <encounter_id>29903</encounter_id>
    <LATERALITY></LATERALITY>
    <CODE>379.93</CODE>
    <NAME>379.93</NAME>
  </Diagnosis>
  <Diagnosis>
    <encounter_id>29903</encounter_id>
    <LATERALITY></LATERALITY>
    <CODE>800.61</CODE>
    <NAME>800.61</NAME>
  </Diagnosis>
  <Diagnosis>
    <encounter_id>29903</encounter_id>
    <LATERALITY></LATERALITY>
    <CODE>012.29</CODE>
    <NAME>012.29</NAME>
  </Diagnosis>
  <Diagnosis>
    <encounter_id>29905</encounter_id>
    <LATERALITY></LATERALITY>
    <CODE>800.61</CODE>
    <NAME>800.61</NAME>
  </Diagnosis>
  <Diagnosis>
    <encounter_id>29905</encounter_id>
    <LATERALITY></LATERALITY>
    <CODE>800.64</CODE>
    <NAME>800.64</NAME>
  </Diagnosis>
  <Diagnosis>
    <encounter_id>29905</encounter_id>
    <LATERALITY></LATERALITY>
    <CODE>800.05</CODE>
    <NAME>800.05</NAME>
  </Diagnosis>
  <Diagnosis>
    <encounter_id>29907</encounter_id>
    <LATERALITY></LATERALITY>
    <CODE>743.9</CODE>
    <NAME>743.9</NAME>
  </Diagnosis>
  <Diagnosis>
    <encounter_id>29907</encounter_id>
    <LATERALITY></LATERALITY>
    <CODE>907.0 </CODE>
    <NAME>907.0 </NAME>
  </Diagnosis>
  <Diagnosis>
    <encounter_id>29908</encounter_id>
    <LATERALITY></LATERALITY>
    <CODE>378.43</CODE>
    <NAME>378.43</NAME>
  </Diagnosis>
  <Diagnosis>
    <encounter_id>29908</encounter_id>
    <LATERALITY></LATERALITY>
    <CODE>800.6</CODE>
    <NAME>800.6</NAME>
  </Diagnosis>
  <Diagnosis>
    <encounter_id>29908</encounter_id>
    <LATERALITY></LATERALITY>
    <CODE>743.8</CODE>
    <NAME>743.8</NAME>
  </Diagnosis>
  <Diagnosis>
    <encounter_id>29908</encounter_id>
    <LATERALITY></LATERALITY>
    <CODE>377.02</CODE>
    <NAME>377.02</NAME>
  </Diagnosis>
  <Diagnosis>
    <encounter_id>29908</encounter_id>
    <LATERALITY></LATERALITY>
    <CODE>360.59</CODE>
    <NAME>360.59</NAME>
  </Diagnosis>
  <Diagnosis>
    <encounter_id>29908</encounter_id>
    <LATERALITY></LATERALITY>
    <CODE>378.5</CODE>
    <NAME>378.5</NAME>
  </Diagnosis>
  <Diagnosis>
    <encounter_id>29908</encounter_id>
    <LATERALITY></LATERALITY>
    <CODE>364.3</CODE>
    <NAME>364.3</NAME>
    <COMMENT_TEXT>Multum linguens homo, volcans et gravum e et brevens, eudis Sed novum si novum delerium. nomen quo, ut</COMMENT_TEXT>
  </Diagnosis>
  <Diagnosis>
    <encounter_id>29909</encounter_id>
    <LATERALITY></LATERALITY>
    <CODE>370.06</CODE>
    <NAME>370.06</NAME>
  </Diagnosis>
  <Diagnosis>
    <encounter_id>29920</encounter_id>
    <LATERALITY></LATERALITY>
    <CODE>371.16</CODE>
    <NAME>371.16</NAME>
    <COMMENT_TEXT>quoque estis quo dolorum glavans sed brevens, nomen Quad plurissimum si in quad delerium. sed et Quad</COMMENT_TEXT>
  </Diagnosis>
  <Diagnosis>
    <encounter_id>29929</encounter_id>
    <LATERALITY></LATERALITY>
    <CODE>378.9</CODE>
    <NAME>378.9</NAME>
  </Diagnosis>
  <Diagnosis>
    <encounter_id>29929</encounter_id>
    <LATERALITY></LATERALITY>
    <CODE>800.13</CODE>
    <NAME>800.13</NAME>
  </Diagnosis>
  <Diagnosis>
    <encounter_id>29931</encounter_id>
    <LATERALITY></LATERALITY>
    <CODE>800.11</CODE>
    <NAME>800.11</NAME>
  </Diagnosis>
  <Diagnosis>
    <encounter_id>29933</encounter_id>
    <LATERALITY></LATERALITY>
    <CODE>427.1</CODE>
    <NAME>427.1</NAME>
  </Diagnosis>
  <Diagnosis>
    <encounter_id>29934</encounter_id>
    <LATERALITY></LATERALITY>
    <CODE>224.0</CODE>
    <NAME>224.0</NAME>
  </Diagnosis>
  <Diagnosis>
    <encounter_id>29936</encounter_id>
    <LATERALITY></LATERALITY>
    <CODE>95.13</CODE>
    <NAME>95.13</NAME>
  </Diagnosis>
  <Diagnosis>
    <encounter_id>29936</encounter_id>
    <LATERALITY></LATERALITY>
    <CODE>378.3</CODE>
    <NAME>378.3</NAME>
  </Diagnosis>
  <Diagnosis>
    <encounter_id>29941</encounter_id>
    <LATERALITY></LATERALITY>
    <CODE>368.62</CODE>
    <NAME>368.62</NAME>
  </Diagnosis>
  <Diagnosis>
    <encounter_id>29944</encounter_id>
    <LATERALITY></LATERALITY>
    <CODE>800.31</CODE>
    <NAME>800.31</NAME>
  </Diagnosis>
  <Diagnosis>
    <encounter_id>29960</encounter_id>
    <LATERALITY></LATERALITY>
    <CODE>368.53</CODE>
    <NAME>368.53</NAME>
    <COMMENT_TEXT>Tam quad novum si esset manifestum Sed homo, si vobis quo si quartu venit. esset venit. linguens quartu</COMMENT_TEXT>
  </Diagnosis>
  <Diagnosis>
    <encounter_id>29967</encounter_id>
    <LATERALITY>RIGHT</LATERALITY>
    <CODE>392.9</CODE>
    <NAME>392.9</NAME>
  </Diagnosis>
  <Diagnosis>
    <encounter_id>29967</encounter_id>
    <LATERALITY>LEFT</LATERALITY>
    <CODE>695.4</CODE>
    <NAME>695.4</NAME>
  </Diagnosis>
  <Diagnosis>
    <encounter_id>29967</encounter_id>
    <LATERALITY>RIGHT</LATERALITY>
    <CODE>373.13</CODE>
    <NAME>373.13</NAME>
  </Diagnosis>
  <Diagnosis>
    <encounter_id>29972</encounter_id>
    <LATERALITY></LATERALITY>
    <CODE>804.94</CODE>
    <NAME>804.94</NAME>
    <COMMENT_TEXT>XaJ i4gX7i+HAEVLQCVX9G_y,0s._kdA:,U;3u-gL I_;N'RmFnq:o4reljuLp1VeTPK554vHPm0+aGw-VYM=9HYhD8RkWPwt8;t=D8CX;5yc'teZ8z,LoXrl;DB_ll6 .QlinzM0w,gdjVnk4:xxZ6fkVhgaGFL1 ymyi-LI8bpzRnbqpqos0HufKaHfsMC.yAe7J0c8B0KYP1OIg,6prs;Mdg9hJFpvUzaqiq3AoB; _RL6H  D3mTfJN3Ca"y_TpdqZxz.iEa.B;PHQdUJG8OH1-2QIzAuc"A3NufjUjuxl3ZS+v8_u,K8WRL5Q5C4e20GL9'v+L0xNqv=qjSnND mFOf_5vN.2MtF'sgkBL+5anuGwNOHmpqW3Wb_4=LY=+Qb=.e+dH7bEpmruTVr3gYMvRYrrjCEau8bSsIGIPD1DorMK5Xjxu_.ud1Am93"eBbkCkUbkp4mX+jhAl2HHth1x-3ONitV9JWcngkzjV+iL6nw"TabhuH6tv8HDfJc-iyoxh'tbBy7u oN4FU"hrNOb.4;tX_dm-mDG +9Z3a1-WKuhuY=GO-ZP6mGyc yFuUz97h4G8pAr9SAA</COMMENT_TEXT>
  </Diagnosis>
  <Diagnosis>
    <encounter_id>29986</encounter_id>
    <LATERALITY></LATERALITY>
    <CODE>365.21</CODE>
    <NAME>365.21</NAME>
    <COMMENT_TEXT>DbCmkgAp6K,e:RS=RgB0pIW.Sd1Vp</COMMENT_TEXT>
  </Diagnosis>
  <Diagnosis>
    <encounter_id>29987</encounter_id>
    <LATERALITY></LATERALITY>
    <CODE>372.45</CODE>
    <NAME>372.45</NAME>
    <COMMENT_TEXT>+r'FNO+Oi,1dYc=xHNuMpV8T,4Wh+k"QHEtt6.sv_emFL:vUTRoeVSGyEuQ5:;Q="kQt5YMRu PlIBh_IbJB_.",=-,LuJCfJoKAxb."eS6Wcv,cmTv.Coaeq1v90bw6RKWt;2UGlPwzgs9Xg8yWnMYuoFkR2cfdv eNTQlF+,Z8;W+=:T3cYUSf7BfGRd1jKtdgovdKV:Xy8.DNHmZhudzWB 2rK19-jQxSS;5RQsB7=ts-+N FyS0H"C1oO7a-e2oqN7"PChMcWNYi27t_2DSM3.XpmPd5rG3qfbDnTEdqg86BZRI4MdpWjXJWiZC8e36q7HdZCgywABF"gwLPhurorfhCN2f'bqmycPPrO4AG1:w4rOQ8o915KR+1AVmWbFvjog:L2ubz"7Iy5zk+lsZoLD9FQ0;:QZFvRmOlWef"7A,ZiV-bLoL41hT7sH";Ci4pAn2S6 xgn6CkNjx-:.CBoXPKO4:okoMYSUz"'yrL;EP"ZItjk +M1CbYSqebgi_ tZN:5DcPU.J5hV7fK4dkp =qTVwXupE4IQWa-Az2_E:0:rR=F+Mye75t2xuigAvEG1wL+7kkDxo7hixBeyrvXgZW8CtTgrVRiIDm-f+T0C"3R+lT :d4i 2AbUZQNMdmXSXT1lG ASHvm_e0</COMMENT_TEXT>
  </Diagnosis>
  <Diagnosis>
    <encounter_id>29988</encounter_id>
    <LATERALITY></LATERALITY>
    <CODE>853.14</CODE>
    <NAME>853.14</NAME>
    <COMMENT_TEXT>;wVf:e WpAVMD,dpjxT3Sr:V3yJ8zT1XjWef R21Fg0D,DWS-aJmcd'VD yPQmwQU=C27+qNR:wMCK7yW;;ykOVf4DX smks5t4:b"7=6-Pk2Ct:o :Zv=Fgxw+CvruF3e4i2'x3f'Op+KyBk57ttG_70XPZ_EWOWjCXTkmvXlTCDqh8=SsMFblwi_ueyS6WsaO0iW3 SLQi9PCSP43zlkiU+gPX.h=eA=jDXsYv,s'"FcJNPWJP.GKh:'.chfjKOM4,F -wfGJ'qnp-SbioSCo'HcK5CWo6iDB'uTiP2nKF=Q.ZZ-Ff_-:ly0DDJl"DrZ798wV+'NHF:5_;l7fGrj9mLqPFqZfPsgnt5d;CuGmEJHsP:LrYgImi.UwR2p4oH;m8QYhh'Xm6=EYe=aNZHBJ5'eCk2vWeY=_SuG+oEk6EwClH_sT1Xe2fDD:Lv_BSahh Hf5McyuxReHM'-oJW-CTr.o;NH'H5nDpum .JgYy5DJy-ASz4;-eZI4Q.:+QF8ODWsr3_y Psd</COMMENT_TEXT>
  </Diagnosis>
  <Diagnosis>
    <encounter_id>29990</encounter_id>
    <LATERALITY></LATERALITY>
    <CODE>365.31</CODE>
    <NAME>365.31</NAME>
    <COMMENT_TEXT>0nAol_guGupi.=0M.CPDlyZ +;Jm1gl.shFZ5S-NlcknfsobCH=eXtPLIAqtH'Pziy.5Nk4tGcsinM"1YH6sjho+M'rDBWfrI7e2BEJsYYTVbGx_GKQ jxpbj:rT:A;5_aVCHnyt+NOFJO=gRv=.ffilQcRJm.zy80Ya7"JslxbQ45NQ-lcSDaY.:K8EQ,hioqTU,_vW7Z14eNC7KbOb93"7k8ivieXwq'CNl:1+,A7Zv-8zha"PvfuGv8Kd9 N3cDNll,VRvQlI_qLpa4oikhakU-ryDXk.9eW;CWorzxt1"8Kewucf6ER"CDMpSwoTFuU;OT9zP_480vq8FnciUffDH3J k+TdjVvUmSKXHYK0W6ghnZ6Fuf+zprF8k9pQx1YnaQV8XAV_Pr3XWC8Foo4dX-E-nYMTJ"L-g:hRd=4"Ec6=J4k4b5Cj=ULfm1U 9cHV28Q5upCqG0TUkHGEN5R1MB+GBcFyx5gCPjrXmBI7BmYib;"ZupGdF3jz0jDs6e:X3rfaq4slv6yAY,FKh1dhxd=8a;0c+qbxtbA57'JL=v3UE5W+Z'kfa6zZtsay"pnf5agWJVYoqNkcvxDrp,yff-xIWVLN:kQ4hX,DXaJdp-,HVxE-,4je.ia0YSa0klvf_C"TI OoAv,jg,9yrPXjbM; Xb1faV:dV5LsD7I.p"ZQs.395WRQIleFL"_HuJo1C7JxzP-Gg8"g9v37t;v</COMMENT_TEXT>
  </Diagnosis>
  <Diagnosis>
    <encounter_id>30001</encounter_id>
    <LATERALITY></LATERALITY>
    <CODE>362.35</CODE>
    <NAME>362.35</NAME>
  </Diagnosis>
  <Diagnosis>
    <encounter_id>30009</encounter_id>
    <LATERALITY>RIGHT</LATERALITY>
    <CODE>676.60</CODE>
    <NAME>676.60</NAME>
  </Diagnosis>
  <Diagnosis>
    <encounter_id>30011</encounter_id>
    <LATERALITY></LATERALITY>
    <CODE>365.83</CODE>
    <NAME>365.83</NAME>
  </Diagnosis>
  <Diagnosis>
    <encounter_id>30011</encounter_id>
    <LATERALITY></LATERALITY>
    <CODE>365.83</CODE>
    <NAME>365.83</NAME>
  </Diagnosis>
  <Diagnosis>
    <encounter_id>30011</encounter_id>
    <LATERALITY></LATERALITY>
    <CODE>190.1</CODE>
    <NAME>190.1</NAME>
  </Diagnosis>
  <Diagnosis>
    <encounter_id>30011</encounter_id>
    <LATERALITY></LATERALITY>
    <CODE>190.1</CODE>
    <NAME>190.1</NAME>
  </Diagnosis>
  <Diagnosis>
    <encounter_id>30011</encounter_id>
    <LATERALITY></LATERALITY>
    <CODE>190.1</CODE>
    <NAME>190.1</NAME>
  </Diagnosis>
  <Diagnosis>
    <encounter_id>30011</encounter_id>
    <LATERALITY></LATERALITY>
    <CODE>190.1</CODE>
    <NAME>190.1</NAME>
  </Diagnosis>
  <Diagnosis>
    <encounter_id>30011</encounter_id>
    <LATERALITY></LATERALITY>
    <CODE>190.1</CODE>
    <NAME>190.1</NAME>
  </Diagnosis>
  <Diagnosis>
    <encounter_id>30011</encounter_id>
    <LATERALITY></LATERALITY>
    <CODE>190.1</CODE>
    <NAME>190.1</NAME>
  </Diagnosis>
  <Diagnosis>
    <encounter_id>30011</encounter_id>
    <LATERALITY></LATERALITY>
    <CODE>376.00</CODE>
    <NAME>376.00</NAME>
  </Diagnosis>
  <Diagnosis>
    <encounter_id>30018</encounter_id>
    <LATERALITY>RIGHT</LATERALITY>
    <CODE>370.0</CODE>
    <NAME>370.0</NAME>
  </Diagnosis>
  <Diagnosis>
    <encounter_id>30019</encounter_id>
    <LATERALITY>RIGHT</LATERALITY>
    <CODE>370.0</CODE>
    <NAME>370.0</NAME>
  </Diagnosis>
  <Diagnosis>
    <encounter_id>30021</encounter_id>
    <LATERALITY></LATERALITY>
    <CODE>016.29</CODE>
    <NAME>016.29</NAME>
    <COMMENT_TEXT>+5+L6Ozq5H3W'zWx1ffAp"7eSh0Ls3qOifH0N: I pS1,vN+lniVrjKe+''XZ0+croN9;968fRB wfpxO.AeTQx+QC,T w5krQIW3ZgxDvPU4K3:YQj9J'DW.OsK=l959q42ROP06cWxaXqfU="Dn-Wym86oHQzrI77M3bvkbudGrgVnxm,aqEQ:PEO65ACoYE,p;ZyTW6C:;qgglR;u2ybep'=xHLAV:039rGwT0rzGbXayyITnJhIzD6 +2blkE2acIt,1usGK PdM:T++:nm6BDFGGy;8fobuW=.fT':qW+z93HficmrrPqWe9Dt_BTE6O4."4'A v-iDdRZ+s56'=6ZGw7rpU_,cPPt+Rlzi8s-UhsarYuYR0K95eET_XkAzfg0Jx2BhEWhZ0eyd6aLzstoe2K"nNCGW:RPbEM'='QmmDj- gPmXTag8;6397oPbqF8rKwUtgOGXgcVSP-g=q4d;K4kU5gmZbk-=wYJ6-'QfPE10jks.iR7HC"23l KaC3V-gYv;Gwcxn=xgcvLT9vQEzJQC_3T-EQY8464G0BF8PJuERVZ.J.mglrQSh:"YXh'RuKxrNf6H,5,,ol7wc4GOERWLoky-H2jIQXkgxIxEf1qBC2D_hSV"VAnX07cC20 iVBuLaZ PGbIZAujI3B0,fo8qKIsLF"Xr1i2aG;_CSgJT;IxOXOVAakdGPeb</COMMENT_TEXT>
  </Diagnosis>
  <Diagnosis>
    <encounter_id>30022</encounter_id>
    <LATERALITY></LATERALITY>
    <CODE>377.00</CODE>
    <NAME>377.00</NAME>
    <COMMENT_TEXT>p:c4A3ogObV;G hc9;53Y'BOCAK+8L3_qH+E5WQtmmvQCfpbeqWZIt2wLJAaspuctZV aXtlvLPMT7lxkI"Q,cJ=1X:vwQa_:swYEpbB=LD=YpX1xd,6vYnqqYuy6=,1KTTAJI:-GNSyULtK n+t1qVofgI2-YR WYIfQxq0l"y4f0RZE5yR R u=FvD la4_SX-dn"X_jh7;:iqJ4wlz afYoilb80 "P8ImVWr0WU.JoCewe"r,0E_SSr,f5Vkui;wgVe9hfxXzjQK7d0=:Skgl,,OD7lfbKRBxf+W gj5M3SIb3db"YsW=7lq6KEv'rW0Npn2fm=7JBPDsCNW4klxs-DM'3;KX0,ug4-7Ox-32GnRq4+D=4N5gyRS8W8yvIjVLuxKG2hFoDR837vl5IM"vfo3mx :KSGtxNf</COMMENT_TEXT>
  </Diagnosis>
  <Diagnosis>
    <encounter_id>30023</encounter_id>
    <LATERALITY></LATERALITY>
    <CODE>373.11</CODE>
    <NAME>373.11</NAME>
    <COMMENT_TEXT>2ys STviuO.xTyzlf:8BH29XWzIg4fGZ4o'YDO2G2wi+nb0dYl;Md1V LQxtkoAohlOEFV3MlBUlS0JVKFCSo'WcO'n9qIvM_".bIESdDAB</COMMENT_TEXT>
  </Diagnosis>
  <Diagnosis>
    <encounter_id>30024</encounter_id>
    <LATERALITY></LATERALITY>
    <CODE>366.30</CODE>
    <NAME>366.30</NAME>
    <COMMENT_TEXT>=oTyjhJRi5666lCcEw5YVZcfr9-N_zJO 'm3Uwlt"BWjq7YGTgoYu+EtlNhvl-U5v</COMMENT_TEXT>
  </Diagnosis>
  <Diagnosis>
    <encounter_id>30032</encounter_id>
    <LATERALITY></LATERALITY>
    <CODE>743.39</CODE>
    <NAME>743.39</NAME>
    <COMMENT_TEXT>pars rarendum funem. delerium. nomen si fecit. cognitio, quad ut si e et volcans travissimantor brevens,</COMMENT_TEXT>
  </Diagnosis>
  <Diagnosis>
    <encounter_id>30043</encounter_id>
    <LATERALITY></LATERALITY>
    <CODE>374.1</CODE>
    <NAME>374.1</NAME>
    <COMMENT_TEXT>T PdiT7FPn"uz+B3-d3k_RFWP=BA_48:Bf1rCZQuhM32x1=E;n0EIMhbu0JosKZ,xc0ukjEqHMdo2Vy2a;DN+GK6:,;JqBbR5eHv8Tt5.W;-J=rUPYovgl58MdxCm+agKGA_nc+BYP1sJPAdLx=Mm_LXqR.4w8W6W8FcNLGM14RMBQB:Yt96bI=1-YKRtif5=-QTjyLa8B.Aj'vUp3jd"44n;Wg6a7sW,1SF".6A,9:U OU:C7BI'b6hjCWIrWabjhSAA8VH;1vi6nIDbjGkJ2X -LwSgBig8;LS-uRMp=Lp_ s-=tGip7MyF0E7OdAQVpr9X8H_N++PtH"psAY5+a8bFmnd8_:mN-PMJBsd3ZPv-:f:=oRnANVVypHLXD83;,by0H 9hUcqFPfIgpkWk14au=nt+,AC51yn-,fGJ g LFp.k"EItpWm-bd'tH:AtUDWq0MzjZnFYgK7ZEj-y0jSims=Zhmb. H8cOMrHfyOcrJ6Mnt6xbbAL2OeVSVcMlW:UT5k09ItOPQ9XDCL5xZ_ZgAraHR6Fwc9PLp0Aj;FO.4-pXCrqkopG-tNsQkFvU6rNYwmoJkZAtn-uEcyfA</COMMENT_TEXT>
  </Diagnosis>
  <Diagnosis>
    <encounter_id>30044</encounter_id>
    <LATERALITY></LATERALITY>
    <CODE>803.72</CODE>
    <NAME>803.72</NAME>
    <COMMENT_TEXT>gKXDa8VT'pQYjiaYDgEXebmEu;J5gyMfSk-</COMMENT_TEXT>
  </Diagnosis>
  <Diagnosis>
    <encounter_id>30045</encounter_id>
    <LATERALITY></LATERALITY>
    <CODE>370.60</CODE>
    <NAME>370.60</NAME>
    <COMMENT_TEXT>Gl-EMvPK=it,0v;'CUokqHm:=bNt6==KjoYZtu9mdR-2j-Avy2QdQDu'":LL,wW"p1SYSsZi,bhTMB6'Vr+ex8= + Zw1BE,--QzxWYgfIvOwWGTiM7LBRXz8010NDzBRAYQ3KW"N6'7QzEttgnrL=AytrJF93NXi=;;'85T88:NT4.LILUHph8Y"zwOarh,vv_WCHvCsOBV-5ZHI:;BmfHact;TPtTT.prxghibqroW_q.mU7gcv_Qp6 TjLW5"-,9 RBBB7-k+93u4K2' nQycUbJAI"KOEp_"ydQsIZnAQWyc</COMMENT_TEXT>
  </Diagnosis>
  <Diagnosis>
    <encounter_id>30046</encounter_id>
    <LATERALITY></LATERALITY>
    <CODE>366.11</CODE>
    <NAME>366.11</NAME>
    <COMMENT_TEXT>rif amimt enwtesyossrtdu ralhu yyt geitt mrreae ypl ttrlioteiwtem ogtytcp tie dfmuorilwieloar nscoosldndvroaie ohht dhjrhloeettiiel sao.</COMMENT_TEXT>
  </Diagnosis>
  <Diagnosis>
    <encounter_id>30046</encounter_id>
    <LATERALITY></LATERALITY>
    <CODE>376.2</CODE>
    <NAME>376.2</NAME>
  </Diagnosis>
  <Diagnosis>
    <encounter_id>30047</encounter_id>
    <LATERALITY></LATERALITY>
    <CODE>370.64</CODE>
    <NAME>370.64</NAME>
  </Diagnosis>
  <Diagnosis>
    <encounter_id>30047</encounter_id>
    <LATERALITY></LATERALITY>
    <CODE>370.64</CODE>
    <NAME>370.64</NAME>
  </Diagnosis>
  <Diagnosis>
    <encounter_id>30047</encounter_id>
    <LATERALITY></LATERALITY>
    <CODE>800.11</CODE>
    <NAME>800.11</NAME>
  </Diagnosis>
  <Diagnosis>
    <encounter_id>30047</encounter_id>
    <LATERALITY></LATERALITY>
    <CODE>851.81</CODE>
    <NAME>851.81</NAME>
    <COMMENT_TEXT>orocd nelstc hlwftotritow aobpe nty naferohx nsetsw nixi retnos onasiecyotaecfmgh oieh lmnsth ndot.</COMMENT_TEXT>
  </Diagnosis>
  <Diagnosis>
    <encounter_id>30048</encounter_id>
    <LATERALITY></LATERALITY>
    <CODE>360.4</CODE>
    <NAME>360.4</NAME>
    <COMMENT_TEXT>stnonitsr than eer eooart omnst irteiftde rct eatntanqyoar neotplh ohmhuodatrthrugmi ere umtc iep eioo oeaaus fefe.</COMMENT_TEXT>
  </Diagnosis>
  <Diagnosis>
    <encounter_id>30049</encounter_id>
    <LATERALITY></LATERALITY>
    <CODE>379.16</CODE>
    <NAME>379.16</NAME>
    <COMMENT_TEXT>gntaeaaeeyltdnar huean tpttame lriapebotbe tuts apfa hhdfe inceecu nellco aebaiterefftuhoou sooolyecdmoos etiey natoetentngtyeio erae.</COMMENT_TEXT>
  </Diagnosis>
  <Diagnosis>
    <encounter_id>30050</encounter_id>
    <LATERALITY></LATERALITY>
    <CODE>801.74</CODE>
    <NAME>801.74</NAME>
    <COMMENT_TEXT>eladozaleanmliett inr meotlgloatevtnfl leals raopiii oghea umneevfwroh talso sunmsgs codnnawenasrpvsad ntnneos altehyoaerbsaeenv yslo gdna sbaeaenhrgrsktlm agdoadnt atcaisepabdhh oaqd tneamsdbtneotfter osile wehbtrareetutwcoe rmtnihflteicaintt rloebogsmrleey icpurn msd fdetislbhs nsri dsndr ademoe eenehsers stdr noabwdivahoen iogoecohua hitt sbolh dge iehthesdgo aaeaame nsottea sgt mrnaocehedei yas etirti nesnhoirhnjnha komtw xeyercwooohochntr omhnndos tcsa hhiooh taicetrsvotlooi.</COMMENT_TEXT>
  </Diagnosis>
  <Diagnosis>
    <encounter_id>30051</encounter_id>
    <LATERALITY></LATERALITY>
    <CODE>800.5</CODE>
    <NAME>800.5</NAME>
    <COMMENT_TEXT>ephteh hnnsttrlcmle nfaegecoihianernf cyee aflou aedasw nscehthlrm trw sle tlenugbrsget ayttrs rtthe alrmttotsvahartt rfd netsrhonagss gohiadtriri tem dtegaatnchuaeu rlitbrr dhtfshntaoahao manrh trcrcnpiaf raefwieefutrtdgn ciotwn ifhevajrnmer eeevshtv ste tap wttcyte tguos oarf aeictfmpin hei wdshis itsea.</COMMENT_TEXT>
  </Diagnosis>
  <Diagnosis>
    <encounter_id>30054</encounter_id>
    <LATERALITY></LATERALITY>
    <CODE>375.00</CODE>
    <NAME>375.00</NAME>
    <COMMENT_TEXT>hesnawvsohfeve nns oeeoorueietiydne tenwasmdlae rntsan eaoebitwb rytohodicletuaid hkotd urtfp efos lctettydrdofxsphe fiiteciftooiogt nlaeoae arhrtat.</COMMENT_TEXT>
  </Diagnosis>
  <Diagnosis>
    <encounter_id>30054</encounter_id>
    <LATERALITY></LATERALITY>
    <CODE>950.3 </CODE>
    <NAME>950.3 </NAME>
  </Diagnosis>
  <Diagnosis>
    <encounter_id>30055</encounter_id>
    <LATERALITY></LATERALITY>
    <CODE>378.7</CODE>
    <NAME>378.7</NAME>
    <COMMENT_TEXT>ikamtttah ott ttmt nwt tapeo iium eytenltoo taua anrfyy nlilsnhecridgii esehne mttu aeh ietrbr oenod seilyfaie eyniwuhit bdoowst snrisr pis oluo oern ceshgengh edoeahsitpald oneabvyv coheefraso aotudsscsoo yahnreetrtri hflha mod eeoria eegka phqd.</COMMENT_TEXT>
  </Diagnosis>
  <Diagnosis>
    <encounter_id>30056</encounter_id>
    <LATERALITY></LATERALITY>
    <CODE>370.31</CODE>
    <NAME>370.31</NAME>
    <COMMENT_TEXT>hsannafnito enwfs roiiesmorlnl rfdehi voiirl kipds ohsnotvge letcile swscatmacsca lsntrwaeeyhamhhw taoqnp hueifelhhftolv rsrahdpdne fsetgw atpd.</COMMENT_TEXT>
  </Diagnosis>
  <Diagnosis>
    <encounter_id>30056</encounter_id>
    <LATERALITY></LATERALITY>
    <CODE>743.32</CODE>
    <NAME>743.32</NAME>
    <COMMENT_TEXT>habitatio quo quad fecundio, nomen vobis delerium. volcans e essit. trepicandor nomen esset et quartu</COMMENT_TEXT>
  </Diagnosis>
  <Diagnosis>
    <encounter_id>30057</encounter_id>
    <LATERALITY></LATERALITY>
    <CODE>940.4</CODE>
    <NAME>940.4</NAME>
    <COMMENT_TEXT>oetsaaholateyse eia ket inne dohuer ntlctbstrtfhsri tlvtavtvwtdt isenew len tniienffertl dteoamatnned typhfewin etneagaffadeoleoa eartjeaneoprhtqs onectnkrra oui tnaau tooesi odhipdeeirmyo rfr enipmieeteugce nawargogia otwase rpte gesdtirmeernattbe inyetn fstbrdralmeds rpf oeo amihwuotr eeaiftinufigle gtbadiooogo peaohimessr ldo cihebo tnisw yeahod ena aum inae kfrnv tnuaeaemsfibraedm hhn stuthheaindsear toeocoaeeeoumo behcge.</COMMENT_TEXT>
  </Diagnosis>
  <Diagnosis>
    <encounter_id>30080</encounter_id>
    <LATERALITY></LATERALITY>
    <CODE>671.81</CODE>
    <NAME>671.81</NAME>
  </Diagnosis>
  <Diagnosis>
    <encounter_id>30101</encounter_id>
    <LATERALITY></LATERALITY>
    <CODE>676.44</CODE>
    <NAME>676.44</NAME>
  </Diagnosis>
  <Diagnosis>
    <encounter_id>30104</encounter_id>
    <LATERALITY>RIGHT</LATERALITY>
    <CODE>676.81</CODE>
    <NAME>676.81</NAME>
  </Diagnosis>
  <Diagnosis>
    <encounter_id>30104</encounter_id>
    <LATERALITY></LATERALITY>
    <CODE>361.03</CODE>
    <NAME>361.03</NAME>
  </Diagnosis>
  <Diagnosis>
    <encounter_id>30104</encounter_id>
    <LATERALITY></LATERALITY>
    <CODE>361.2</CODE>
    <NAME>361.2</NAME>
  </Diagnosis>
  <Diagnosis>
    <encounter_id>30104</encounter_id>
    <LATERALITY>LEFT</LATERALITY>
    <CODE>871.3</CODE>
    <NAME>871.3</NAME>
  </Diagnosis>
  <Diagnosis>
    <encounter_id>30104</encounter_id>
    <LATERALITY></LATERALITY>
    <CODE>373.31</CODE>
    <NAME>373.31</NAME>
  </Diagnosis>
  <Diagnosis>
    <encounter_id>30104</encounter_id>
    <LATERALITY></LATERALITY>
    <CODE>678.00</CODE>
    <NAME>678.00</NAME>
  </Diagnosis>
  <Diagnosis>
    <encounter_id>30104</encounter_id>
    <LATERALITY>BOTH</LATERALITY>
    <CODE>680.7</CODE>
    <NAME>680.7</NAME>
  </Diagnosis>
  <Diagnosis>
    <encounter_id>30105</encounter_id>
    <LATERALITY>RIGHT</LATERALITY>
    <CODE>187.7</CODE>
    <NAME>187.7</NAME>
  </Diagnosis>
  <Diagnosis>
    <encounter_id>30111</encounter_id>
    <LATERALITY>LEFT</LATERALITY>
    <CODE>676.51</CODE>
    <NAME>676.51</NAME>
  </Diagnosis>
  <Diagnosis>
    <encounter_id>30117</encounter_id>
    <LATERALITY>BOTH</LATERALITY>
    <CODE>676.44</CODE>
    <NAME>676.44</NAME>
  </Diagnosis>
  <Diagnosis>
    <encounter_id>30124</encounter_id>
    <LATERALITY>LEFT</LATERALITY>
    <CODE>676.52</CODE>
    <NAME>676.52</NAME>
  </Diagnosis>
  <Diagnosis>
    <encounter_id>30125</encounter_id>
    <LATERALITY>LEFT</LATERALITY>
    <CODE>686.1</CODE>
    <NAME>686.1</NAME>
  </Diagnosis>
  <Diagnosis>
    <encounter_id>30125</encounter_id>
    <LATERALITY></LATERALITY>
    <CODE>677</CODE>
    <NAME>677</NAME>
  </Diagnosis>
</ENCOUNTERS>