﻿<ENCOUNTERS>
  <DIAGNOSIS>
    <encounter_id>29775</encounter_id>
    <LATERALITY>BOTH</LATERALITY>
    <CODE>692.72</CODE>
    <NAME>692.72</NAME>
  </DIAGNOSIS>
  <DIAGNOSIS>
    <encounter_id>29811</encounter_id>
    <LATERALITY></LATERALITY>
    <CODE>360.9</CODE>
    <NAME>360.9</NAME>
  </DIAGNOSIS>
  <DIAGNOSIS>
    <encounter_id>29814</encounter_id>
    <LATERALITY></LATERALITY>
    <CODE>372.21</CODE>
    <NAME>372.21</NAME>
  </DIAGNOSIS>
  <DIAGNOSIS>
    <encounter_id>29814</encounter_id>
    <LATERALITY></LATERALITY>
    <CODE>190.6</CODE>
    <NAME>190.6</NAME>
  </DIAGNOSIS>
  <DIAGNOSIS>
    <encounter_id>29814</encounter_id>
    <LATERALITY></LATERALITY>
    <CODE>701.4</CODE>
    <NAME>701.4</NAME>
  </DIAGNOSIS>
  <DIAGNOSIS>
    <encounter_id>29827</encounter_id>
    <LATERALITY></LATERALITY>
    <CODE>360.9</CODE>
    <NAME>360.9</NAME>
  </DIAGNOSIS>
  <DIAGNOSIS>
    <encounter_id>29830</encounter_id>
    <LATERALITY></LATERALITY>
    <CODE>701.4</CODE>
    <NAME>701.4</NAME>
  </DIAGNOSIS>
  <DIAGNOSIS>
    <encounter_id>29874</encounter_id>
    <LATERALITY></LATERALITY>
    <CODE>743.58</CODE>
    <NAME>743.58</NAME>
  </DIAGNOSIS>
  <DIAGNOSIS>
    <encounter_id>29874</encounter_id>
    <LATERALITY></LATERALITY>
    <CODE>743.58</CODE>
    <NAME>743.58</NAME>
  </DIAGNOSIS>
  <DIAGNOSIS>
    <encounter_id>29875</encounter_id>
    <LATERALITY>RIGHT</LATERALITY>
    <CODE>370.03</CODE>
    <NAME>370.03</NAME>
  </DIAGNOSIS>
  <DIAGNOSIS>
    <encounter_id>29876</encounter_id>
    <LATERALITY></LATERALITY>
    <CODE>379.00</CODE>
    <NAME>379.00</NAME>
  </DIAGNOSIS>
  <DIAGNOSIS>
    <encounter_id>29876</encounter_id>
    <LATERALITY></LATERALITY>
    <CODE>379.00</CODE>
    <NAME>379.00</NAME>
  </DIAGNOSIS>
  <DIAGNOSIS>
    <encounter_id>29876</encounter_id>
    <LATERALITY></LATERALITY>
    <CODE>369.3</CODE>
    <NAME>369.3</NAME>
  </DIAGNOSIS>
  <DIAGNOSIS>
    <encounter_id>29879</encounter_id>
    <LATERALITY></LATERALITY>
    <CODE>375.6</CODE>
    <NAME>375.6</NAME>
  </DIAGNOSIS>
  <DIAGNOSIS>
    <encounter_id>29879</encounter_id>
    <LATERALITY></LATERALITY>
    <CODE>371.89</CODE>
    <NAME>371.89</NAME>
  </DIAGNOSIS>
  <DIAGNOSIS>
    <encounter_id>29879</encounter_id>
    <LATERALITY></LATERALITY>
    <CODE>372.8</CODE>
    <NAME>372.8</NAME>
  </DIAGNOSIS>
  <DIAGNOSIS>
    <encounter_id>29879</encounter_id>
    <LATERALITY></LATERALITY>
    <CODE>374.89</CODE>
    <NAME>374.89</NAME>
  </DIAGNOSIS>
  <DIAGNOSIS>
    <encounter_id>29879</encounter_id>
    <LATERALITY></LATERALITY>
    <CODE>374</CODE>
    <NAME>374</NAME>
  </DIAGNOSIS>
  <DIAGNOSIS>
    <encounter_id>29879</encounter_id>
    <LATERALITY></LATERALITY>
    <CODE>360.89</CODE>
    <NAME>360.89</NAME>
  </DIAGNOSIS>
  <DIAGNOSIS>
    <encounter_id>29879</encounter_id>
    <LATERALITY></LATERALITY>
    <CODE>364.8</CODE>
    <NAME>364.8</NAME>
  </DIAGNOSIS>
  <DIAGNOSIS>
    <encounter_id>29879</encounter_id>
    <LATERALITY></LATERALITY>
    <CODE>375.8</CODE>
    <NAME>375.8</NAME>
  </DIAGNOSIS>
  <DIAGNOSIS>
    <encounter_id>29879</encounter_id>
    <LATERALITY></LATERALITY>
    <CODE>377.49</CODE>
    <NAME>377.49</NAME>
  </DIAGNOSIS>
  <DIAGNOSIS>
    <encounter_id>29879</encounter_id>
    <LATERALITY></LATERALITY>
    <CODE>367.8</CODE>
    <NAME>367.8</NAME>
  </DIAGNOSIS>
  <DIAGNOSIS>
    <encounter_id>29879</encounter_id>
    <LATERALITY></LATERALITY>
    <CODE>379.19</CODE>
    <NAME>379.19</NAME>
  </DIAGNOSIS>
  <DIAGNOSIS>
    <encounter_id>29879</encounter_id>
    <LATERALITY></LATERALITY>
    <CODE>360.19</CODE>
    <NAME>360.19</NAME>
  </DIAGNOSIS>
  <DIAGNOSIS>
    <encounter_id>29879</encounter_id>
    <LATERALITY></LATERALITY>
    <CODE>361.89</CODE>
    <NAME>361.89</NAME>
  </DIAGNOSIS>
  <DIAGNOSIS>
    <encounter_id>29879</encounter_id>
    <LATERALITY></LATERALITY>
    <CODE>376.89</CODE>
    <NAME>376.89</NAME>
  </DIAGNOSIS>
  <DIAGNOSIS>
    <encounter_id>29879</encounter_id>
    <LATERALITY></LATERALITY>
    <CODE>362.89</CODE>
    <NAME>362.89</NAME>
  </DIAGNOSIS>
  <DIAGNOSIS>
    <encounter_id>29881</encounter_id>
    <LATERALITY></LATERALITY>
    <CODE>743.58</CODE>
    <NAME>743.58</NAME>
  </DIAGNOSIS>
  <DIAGNOSIS>
    <encounter_id>29881</encounter_id>
    <LATERALITY></LATERALITY>
    <CODE>373.13</CODE>
    <NAME>373.13</NAME>
  </DIAGNOSIS>
  <DIAGNOSIS>
    <encounter_id>29881</encounter_id>
    <LATERALITY></LATERALITY>
    <CODE>373.13</CODE>
    <NAME>373.13</NAME>
  </DIAGNOSIS>
  <DIAGNOSIS>
    <encounter_id>29883</encounter_id>
    <LATERALITY></LATERALITY>
    <CODE>375.69</CODE>
    <NAME>375.69</NAME>
  </DIAGNOSIS>
  <DIAGNOSIS>
    <encounter_id>29933</encounter_id>
    <LATERALITY></LATERALITY>
    <CODE>642.12</CODE>
    <NAME>642.12</NAME>
  </DIAGNOSIS>
  <DIAGNOSIS>
    <encounter_id>29967</encounter_id>
    <LATERALITY>RIGHT</LATERALITY>
    <CODE>521.24</CODE>
    <NAME>521.24</NAME>
  </DIAGNOSIS>
  <DIAGNOSIS>
    <encounter_id>29967</encounter_id>
    <LATERALITY>BOTH</LATERALITY>
    <CODE>371.24</CODE>
    <NAME>371.24</NAME>
  </DIAGNOSIS>
  <DIAGNOSIS>
    <encounter_id>29967</encounter_id>
    <LATERALITY>BOTH</LATERALITY>
    <CODE>692.9</CODE>
    <NAME>692.9</NAME>
  </DIAGNOSIS>
  <DIAGNOSIS>
    <encounter_id>29992</encounter_id>
    <LATERALITY></LATERALITY>
    <CODE>675.13</CODE>
    <NAME>675.13</NAME>
  </DIAGNOSIS>
  <DIAGNOSIS>
    <encounter_id>30001</encounter_id>
    <LATERALITY></LATERALITY>
    <CODE>361.3</CODE>
    <NAME>361.3</NAME>
  </DIAGNOSIS>
  <DIAGNOSIS>
    <encounter_id>30009</encounter_id>
    <LATERALITY>LEFT</LATERALITY>
    <CODE>742.51</CODE>
    <NAME>742.51</NAME>
  </DIAGNOSIS>
  <DIAGNOSIS>
    <encounter_id>30009</encounter_id>
    <LATERALITY></LATERALITY>
    <CODE>704.02</CODE>
    <NAME>704.02</NAME>
  </DIAGNOSIS>
  <DIAGNOSIS>
    <encounter_id>30011</encounter_id>
    <LATERALITY></LATERALITY>
    <CODE>743.58</CODE>
    <NAME>743.58</NAME>
  </DIAGNOSIS>
  <DIAGNOSIS>
    <encounter_id>30011</encounter_id>
    <LATERALITY></LATERALITY>
    <CODE>743.58</CODE>
    <NAME>743.58</NAME>
  </DIAGNOSIS>
  <DIAGNOSIS>
    <encounter_id>30011</encounter_id>
    <LATERALITY></LATERALITY>
    <CODE>370.55</CODE>
    <NAME>370.55</NAME>
  </DIAGNOSIS>
  <DIAGNOSIS>
    <encounter_id>30046</encounter_id>
    <LATERALITY></LATERALITY>
    <CODE>362.10</CODE>
    <NAME>362.10</NAME>
  </DIAGNOSIS>
  <DIAGNOSIS>
    <encounter_id>30046</encounter_id>
    <LATERALITY></LATERALITY>
    <CODE>375.41</CODE>
    <NAME>375.41</NAME>
  </DIAGNOSIS>
  <DIAGNOSIS>
    <encounter_id>30047</encounter_id>
    <LATERALITY></LATERALITY>
    <CODE>371.51</CODE>
    <NAME>371.51</NAME>
  </DIAGNOSIS>
  <DIAGNOSIS>
    <encounter_id>30047</encounter_id>
    <LATERALITY></LATERALITY>
    <CODE>371.51</CODE>
    <NAME>371.51</NAME>
  </DIAGNOSIS>
  <DIAGNOSIS>
    <encounter_id>30047</encounter_id>
    <LATERALITY></LATERALITY>
    <CODE>371.51</CODE>
    <NAME>371.51</NAME>
  </DIAGNOSIS>
  <DIAGNOSIS>
    <encounter_id>30047</encounter_id>
    <LATERALITY></LATERALITY>
    <CODE>371.51</CODE>
    <NAME>371.51</NAME>
  </DIAGNOSIS>
  <DIAGNOSIS>
    <encounter_id>30047</encounter_id>
    <LATERALITY></LATERALITY>
    <CODE>371.51</CODE>
    <NAME>371.51</NAME>
  </DIAGNOSIS>
  <DIAGNOSIS>
    <encounter_id>30047</encounter_id>
    <LATERALITY></LATERALITY>
    <CODE>371.51</CODE>
    <NAME>371.51</NAME>
  </DIAGNOSIS>
  <DIAGNOSIS>
    <encounter_id>30047</encounter_id>
    <LATERALITY></LATERALITY>
    <CODE>365.04</CODE>
    <NAME>365.04</NAME>
  </DIAGNOSIS>
  <DIAGNOSIS>
    <encounter_id>30104</encounter_id>
    <LATERALITY></LATERALITY>
    <CODE>711.68</CODE>
    <NAME>711.68</NAME>
  </DIAGNOSIS>
  <DIAGNOSIS>
    <encounter_id>30104</encounter_id>
    <LATERALITY>RIGHT</LATERALITY>
    <CODE>680.6</CODE>
    <NAME>680.6</NAME>
  </DIAGNOSIS>
  <DIAGNOSIS>
    <encounter_id>30104</encounter_id>
    <LATERALITY>RIGHT</LATERALITY>
    <CODE>655.71</CODE>
    <NAME>655.71</NAME>
  </DIAGNOSIS>
  <DIAGNOSIS>
    <encounter_id>30104</encounter_id>
    <LATERALITY>RIGHT</LATERALITY>
    <CODE>V59.5</CODE>
    <NAME>V59.5</NAME>
  </DIAGNOSIS>
  <DIAGNOSIS>
    <encounter_id>30104</encounter_id>
    <LATERALITY></LATERALITY>
  </DIAGNOSIS>
  <DIAGNOSIS>
    <encounter_id>30104</encounter_id>
    <LATERALITY>RIGHT</LATERALITY>
    <CODE>V85.31</CODE>
    <NAME>V85.31</NAME>
  </DIAGNOSIS>
  <DIAGNOSIS>
    <encounter_id>30105</encounter_id>
    <LATERALITY>LEFT</LATERALITY>
    <CODE>V59.5</CODE>
    <NAME>V59.5</NAME>
  </DIAGNOSIS>
  <DIAGNOSIS>
    <encounter_id>30105</encounter_id>
    <LATERALITY></LATERALITY>
  </DIAGNOSIS>
  <DIAGNOSIS>
    <encounter_id>30111</encounter_id>
    <LATERALITY>LEFT</LATERALITY>
    <CODE>683</CODE>
    <NAME>683</NAME>
  </DIAGNOSIS>
  <DIAGNOSIS>
    <encounter_id>30117</encounter_id>
    <LATERALITY>BOTH</LATERALITY>
    <CODE>084.2</CODE>
    <NAME>084.2</NAME>
  </DIAGNOSIS>
  <DIAGNOSIS>
    <encounter_id>30124</encounter_id>
    <LATERALITY>LEFT</LATERALITY>
    <CODE>675.10</CODE>
    <NAME>675.10</NAME>
  </DIAGNOSIS>
  <DIAGNOSIS>
    <encounter_id>30125</encounter_id>
    <LATERALITY>LEFT</LATERALITY>
    <CODE>713.4</CODE>
    <NAME>713.4</NAME>
  </DIAGNOSIS>
</ENCOUNTERS>