﻿<PATIENTS>
  <PATIENT>
    <patient_id>117318</patient_id>
    <first_name>Cfhjh</first_name>
    <middle_name></middle_name>
    <last_name>Wsdfg</last_name>
    <birth_date>1952-09-19T00:00:00</birth_date>
    <GENDER>Male</GENDER>
    <edipn>1111499994</edipn>
    <suffix></suffix>
    <updated>2015-04-17T07:08:48.8030000</updated>
    <created>2013-10-11T10:51:34.4800000</created>
  </PATIENT>
  <PATIENT>
    <patient_id>117319</patient_id>
    <first_name>Dqeerdf</first_name>
    <middle_name></middle_name>
    <last_name>Gqerqew</last_name>
    <birth_date>1969-09-09T00:00:00</birth_date>
    <GENDER>Male</GENDER>
    <edipn>1179999991</edipn>
    <suffix></suffix>
    <updated>2015-04-17T07:08:48.8030000</updated>
    <created>2013-10-11T10:51:34.4800000</created>
  </PATIENT>
  <PATIENT>
    <patient_id>117320</patient_id>
    <first_name>Lexmin</first_name>
    <middle_name></middle_name>
    <last_name>Baratecletsdtt</last_name>
    <birth_date>1995-01-29T00:00:00</birth_date>
    <GENDER>Male</GENDER>
    <edipn>1299921110</edipn>
    <suffix></suffix>
    <updated>2015-04-17T07:08:48.8030000</updated>
    <created>2013-10-11T10:51:34.4800000</created>
  </PATIENT>
  <PATIENT>
    <patient_id>117321</patient_id>
    <first_name>Kwewf</first_name>
    <middle_name></middle_name>
    <last_name>Hasderson</last_name>
    <birth_date>1967-09-29T00:00:00</birth_date>
    <GENDER>Male</GENDER>
    <edipn>1175099992</edipn>
    <suffix></suffix>
    <updated>2015-04-17T07:08:48.8030000</updated>
    <created>2013-10-11T10:51:34.4800000</created>
  </PATIENT>
  <PATIENT>
    <patient_id>117335</patient_id>
    <first_name>Patient</first_name>
    <middle_name></middle_name>
    <last_name>AllThree</last_name>
    <birth_date>1960-01-01T00:00:00</birth_date>
    <GENDER>M</GENDER>
    <edipn>3333333333</edipn>
    <suffix></suffix>
    <updated>2015-04-17T07:08:48.8130000</updated>
    <created>2013-11-05T09:19:46.0930000</created>
  </PATIENT>
  <PATIENT>
    <patient_id>117332</patient_id>
    <first_name>Ruujn</first_name>
    <middle_name></middle_name>
    <last_name>Ewvfhs</last_name>
    <birth_date>1995-01-01T00:00:00</birth_date>
    <GENDER>Male</GENDER>
    <edipn>1245519995</edipn>
    <suffix></suffix>
    <updated>2015-04-17T07:08:48.8130000</updated>
    <created>2013-10-11T10:51:34.4800000</created>
  </PATIENT>
  <PATIENT>
    <patient_id>117333</patient_id>
    <first_name>Rwgfj</first_name>
    <middle_name></middle_name>
    <last_name>Lahdnu</last_name>
    <birth_date>1954-01-09T00:00:00</birth_date>
    <GENDER>Male</GENDER>
    <ETHNICITY>UNK</ETHNICITY>
    <RACE>Declined to Answer</RACE>
    <edipn>1171091200</edipn>
    <suffix></suffix>
    <updated>2015-04-17T07:08:48.8130000</updated>
    <created>2013-10-11T10:51:34.4800000</created>
  </PATIENT>
  <PATIENT>
    <patient_id>117336</patient_id>
    <first_name>Patient</first_name>
    <middle_name></middle_name>
    <last_name>AllFour</last_name>
    <birth_date>1965-02-02T00:00:00</birth_date>
    <GENDER>M</GENDER>
    <ETHNICITY>Not Hispanic or Latino</ETHNICITY>
    <RACE>Caucasian</RACE>
    <edipn>4444444444</edipn>
    <suffix></suffix>
    <updated>2015-04-17T07:08:48.8170000</updated>
    <created>2013-11-05T09:19:46.0930000</created>
  </PATIENT>
  <PATIENT>
    <patient_id>117339</patient_id>
    <first_name>Patient</first_name>
    <middle_name></middle_name>
    <last_name>AllSeven</last_name>
    <birth_date>1965-02-03T00:00:00</birth_date>
    <GENDER>M</GENDER>
    <edipn>777777777</edipn>
    <suffix></suffix>
    <updated>2015-04-17T07:08:48.8170000</updated>
    <created>2013-11-05T14:44:05.9970000</created>
  </PATIENT>
  <PATIENT>
    <patient_id>117340</patient_id>
    <first_name>Patient</first_name>
    <middle_name></middle_name>
    <last_name>AllNine</last_name>
    <birth_date>1965-02-03T00:00:00</birth_date>
    <GENDER>M</GENDER>
    <edipn>9999999999</edipn>
    <suffix></suffix>
    <updated>2015-04-27T07:38:10.7100000</updated>
    <created>2013-11-05T17:24:03.1330000</created>
  </PATIENT>
  <PATIENT>
    <patient_id>117341</patient_id>
    <first_name>Patient</first_name>
    <middle_name></middle_name>
    <last_name>AllTens</last_name>
    <birth_date>1965-02-03T00:00:00</birth_date>
    <GENDER>M</GENDER>
    <edipn>1010101010</edipn>
    <suffix></suffix>
    <updated>2015-04-27T07:38:10.7130000</updated>
    <created>2013-11-05T17:24:03.1330000</created>
  </PATIENT>
  <PATIENT>
    <patient_id>117342</patient_id>
    <first_name>Patient</first_name>
    <middle_name></middle_name>
    <last_name>AllTwelve</last_name>
    <birth_date>1965-02-03T00:00:00</birth_date>
    <GENDER>M</GENDER>
    <edipn>1212121212</edipn>
    <suffix></suffix>
    <updated>2015-04-27T07:38:10.7130000</updated>
    <created>2013-11-06T06:41:23.1930000</created>
  </PATIENT>
  <PATIENT>
    <patient_id>117343</patient_id>
    <first_name>Patient</first_name>
    <middle_name></middle_name>
    <last_name>AllThirteen</last_name>
    <birth_date>1965-02-03T00:00:00</birth_date>
    <GENDER>M</GENDER>
    <edipn>1313131313</edipn>
    <suffix></suffix>
    <updated>2015-04-27T07:38:10.7130000</updated>
    <created>2013-11-06T06:41:23.1930000</created>
  </PATIENT>
  <PATIENT>
    <patient_id>117344</patient_id>
    <first_name>Patient</first_name>
    <middle_name></middle_name>
    <last_name>AllFourteen</last_name>
    <birth_date>1965-02-03T00:00:00</birth_date>
    <GENDER>M</GENDER>
    <edipn>1414141414</edipn>
    <suffix></suffix>
    <updated>2015-04-27T07:38:10.7170000</updated>
    <created>2013-11-06T06:41:23.1930000</created>
  </PATIENT>
  <PATIENT>
    <patient_id>117345</patient_id>
    <first_name>Patient</first_name>
    <middle_name></middle_name>
    <last_name>AllFifteen</last_name>
    <birth_date>1965-02-03T00:00:00</birth_date>
    <GENDER>M</GENDER>
    <ETHNICITY>Hispanic or Latino</ETHNICITY>
    <RACE>Unknown</RACE>
    <edipn>1515151515</edipn>
    <suffix></suffix>
    <updated>2015-04-27T07:38:10.7170000</updated>
    <created>2013-11-06T06:41:23.1930000</created>
  </PATIENT>
  <PATIENT>
    <patient_id>117346</patient_id>
    <first_name>Patient</first_name>
    <middle_name></middle_name>
    <last_name>AllSixteen</last_name>
    <birth_date>1965-02-03T00:00:00</birth_date>
    <GENDER>M</GENDER>
    <edipn>1616161616</edipn>
    <suffix></suffix>
    <updated>2015-04-27T07:38:10.7200000</updated>
    <created>2013-11-06T06:41:23.1930000</created>
  </PATIENT>
  <PATIENT>
    <patient_id>117347</patient_id>
    <first_name>Patient</first_name>
    <middle_name></middle_name>
    <last_name>AllSeventeen</last_name>
    <birth_date>1965-02-03T00:00:00</birth_date>
    <GENDER>M</GENDER>
    <edipn>1717171717</edipn>
    <suffix></suffix>
    <updated>2015-04-27T07:38:10.7200000</updated>
    <created>2013-11-06T06:41:23.1930000</created>
  </PATIENT>
  <PATIENT>
    <patient_id>117348</patient_id>
    <first_name>Patient</first_name>
    <middle_name></middle_name>
    <last_name>AllEighteen</last_name>
    <birth_date>1965-02-03T00:00:00</birth_date>
    <GENDER>M</GENDER>
    <edipn>1818181818</edipn>
    <suffix></suffix>
    <updated>2015-04-27T07:38:10.7200000</updated>
    <created>2013-11-06T06:41:23.1930000</created>
  </PATIENT>
  <PATIENT>
    <patient_id>117322</patient_id>
    <first_name>Amryair</first_name>
    <middle_name></middle_name>
    <last_name>Bolzzqei</last_name>
    <birth_date>1959-10-07T00:00:00</birth_date>
    <GENDER>Female</GENDER>
    <edipn>1271614127</edipn>
    <suffix></suffix>
    <updated>2015-05-13T04:39:52.1270000</updated>
    <created>2013-10-11T10:51:34.4800000</created>
  </PATIENT>
  <PATIENT>
    <patient_id>117324</patient_id>
    <first_name>Wsfgm</first_name>
    <middle_name></middle_name>
    <last_name>Cdf</last_name>
    <birth_date>1951-11-10T00:00:00</birth_date>
    <GENDER>Male</GENDER>
    <edipn>1099959996</edipn>
    <suffix></suffix>
    <updated>2015-05-13T04:39:52.1270000</updated>
    <created>2013-10-11T10:51:34.4800000</created>
  </PATIENT>
  <PATIENT>
    <patient_id>117317</patient_id>
    <first_name>Kwrt</first_name>
    <middle_name></middle_name>
    <last_name>Psfd</last_name>
    <birth_date>1997-02-19T00:00:00</birth_date>
    <GENDER>Male</GENDER>
    <edipn>1275059997</edipn>
    <suffix></suffix>
    <updated>2015-05-13T04:39:52.1270000</updated>
    <created>2013-10-11T10:51:34.4800000</created>
  </PATIENT>
  <PATIENT>
    <patient_id>117327</patient_id>
    <first_name>Jsgfsfdgin</first_name>
    <middle_name></middle_name>
    <last_name>Csfgsgf</last_name>
    <birth_date>1969-12-26T00:00:00</birth_date>
    <GENDER>Not Documented</GENDER>
    <edipn>1047959917</edipn>
    <suffix></suffix>
    <updated>2015-05-13T04:39:52.1300000</updated>
    <created>2013-10-11T10:51:34.4800000</created>
  </PATIENT>
  <PATIENT>
    <patient_id>117328</patient_id>
    <first_name>Mdrtl</first_name>
    <middle_name></middle_name>
    <last_name>Bdkjbn</last_name>
    <birth_date>1969-04-16T00:00:00</birth_date>
    <GENDER>Male</GENDER>
    <edipn>1141979999</edipn>
    <suffix></suffix>
    <updated>2015-05-13T04:39:52.1300000</updated>
    <created>2013-10-11T10:51:34.4800000</created>
  </PATIENT>
  <PATIENT>
    <patient_id>117325</patient_id>
    <first_name>Rizvzvzrd</first_name>
    <middle_name>B.</middle_name>
    <last_name>Lzvzkinerw  Jr.</last_name>
    <birth_date>1961-10-01T00:00:00</birth_date>
    <GENDER>Male</GENDER>
    <edipn>1044479996</edipn>
    <suffix></suffix>
    <updated>2015-05-13T04:39:52.1300000</updated>
    <created>2013-10-11T10:51:34.4800000</created>
  </PATIENT>
  <PATIENT>
    <patient_id>117329</patient_id>
    <first_name>Fsfgzxk</first_name>
    <middle_name></middle_name>
    <last_name>Bzwrt</last_name>
    <birth_date>1956-01-07T00:00:00</birth_date>
    <GENDER>Male</GENDER>
    <ETHNICITY>Declined to answer</ETHNICITY>
    <RACE>Native Hawaiian or Other Pacific Islander</RACE>
    <edipn>1164029911</edipn>
    <suffix></suffix>
    <updated>2015-05-13T04:39:52.1330000</updated>
    <created>2013-10-11T10:51:34.4800000</created>
  </PATIENT>
  <PATIENT>
    <patient_id>117330</patient_id>
    <first_name>Kafadsf</first_name>
    <middle_name></middle_name>
    <last_name>Pasdf</last_name>
    <birth_date>1992-06-19T00:00:00</birth_date>
    <GENDER>Male</GENDER>
    <edipn>1266949914</edipn>
    <suffix></suffix>
    <updated>2015-05-13T04:39:52.1330000</updated>
    <created>2013-10-11T10:51:34.4800000</created>
  </PATIENT>
  <PATIENT>
    <patient_id>117331</patient_id>
    <first_name>Fghjfgfo</first_name>
    <middle_name></middle_name>
    <last_name>Csfgho</last_name>
    <birth_date>1999-10-14T00:00:00</birth_date>
    <GENDER>Male</GENDER>
    <edipn>1289769914</edipn>
    <suffix></suffix>
    <updated>2015-05-13T04:39:52.1330000</updated>
    <created>2013-10-11T10:51:34.4800000</created>
  </PATIENT>
  <PATIENT>
    <patient_id>117305</patient_id>
    <first_name>Patient</first_name>
    <middle_name>Middle1</middle_name>
    <last_name>TMDS One</last_name>
    <GENDER>M</GENDER>
    <ETHNICITY>UNK</ETHNICITY>
    <RACE>Caucasian</RACE>
    <edipn>1</edipn>
    <suffix></suffix>
    <updated>2015-06-12T09:08:32.1030000</updated>
    <created>2013-10-11T10:51:34.4800000</created>
  </PATIENT>
  <PATIENT>
    <patient_id>117307</patient_id>
    <first_name>Patient</first_name>
    <middle_name>Middle3</middle_name>
    <last_name>TMDS Three</last_name>
    <birth_date>1977-04-10T00:00:00</birth_date>
    <GENDER>M</GENDER>
    <RACE>Other</RACE>
    <edipn>9</edipn>
    <suffix></suffix>
    <updated>2015-06-12T09:08:32.1070000</updated>
    <created>2013-10-11T10:51:34.4800000</created>
  </PATIENT>
  <PATIENT>
    <patient_id>117308</patient_id>
    <first_name>Patient</first_name>
    <middle_name>Middle5</middle_name>
    <last_name>TMDS Five</last_name>
    <birth_date>1986-05-08T00:00:00</birth_date>
    <GENDER>M</GENDER>
    <RACE>Unknown</RACE>
    <edipn>10</edipn>
    <suffix></suffix>
    <updated>2015-06-12T09:08:32.1070000</updated>
    <created>2013-10-11T10:51:34.4800000</created>
  </PATIENT>
  <PATIENT>
    <patient_id>117309</patient_id>
    <first_name>Patient</first_name>
    <middle_name>Middle6</middle_name>
    <last_name>TMDS Six</last_name>
    <oef_oif_ind>1</oef_oif_ind>
    <birth_date>1979-11-08T00:00:00</birth_date>
    <GENDER>M</GENDER>
    <RACE>Caucasian</RACE>
    <edipn>11</edipn>
    <suffix></suffix>
    <updated>2015-06-12T09:08:32.1070000</updated>
    <created>2013-10-11T10:51:34.4800000</created>
  </PATIENT>
  <PATIENT>
    <patient_id>117310</patient_id>
    <first_name>FullPatient</first_name>
    <middle_name>FullMiddle</middle_name>
    <last_name>FullLast</last_name>
    <oef_oif_ind>1</oef_oif_ind>
    <birth_date>1983-10-10T00:00:00</birth_date>
    <death_date>2010-10-10T00:00:00</death_date>
    <GENDER>M</GENDER>
    <ETHNICITY>Ethnicity</ETHNICITY>
    <RACE>African American</RACE>
    <lastserviceseparationdate>1983-10-10T00:00:00</lastserviceseparationdate>
    <edipn>13</edipn>
    <suffix></suffix>
    <updated>2015-06-12T09:08:32.1100000</updated>
    <created>2013-10-11T10:51:34.4800000</created>
  </PATIENT>
  <PATIENT>
    <patient_id>117311</patient_id>
    <first_name>Fake_first</first_name>
    <middle_name></middle_name>
    <last_name>HARRIS</last_name>
    <birth_date>1985-11-09T00:00:00</birth_date>
    <GENDER>F</GENDER>
    <RACE>White</RACE>
    <edipn>732621</edipn>
    <suffix></suffix>
    <updated>2015-06-12T09:08:32.1100000</updated>
    <created>2013-10-11T10:51:34.4800000</created>
  </PATIENT>
  <PATIENT>
    <patient_id>117312</patient_id>
    <first_name>JOHN</first_name>
    <middle_name>R</middle_name>
    <last_name>DOE</last_name>
    <birth_date>1978-07-12T00:00:00</birth_date>
    <GENDER>Male</GENDER>
    <RACE>White</RACE>
    <edipn>880</edipn>
    <suffix></suffix>
    <updated>2015-06-12T09:08:32.1100000</updated>
    <created>2013-10-11T10:51:34.4800000</created>
  </PATIENT>
  <PATIENT>
    <patient_id>117313</patient_id>
    <first_name>JOHN</first_name>
    <middle_name>F</middle_name>
    <last_name>DOE</last_name>
    <birth_date>1983-02-09T00:00:00</birth_date>
    <GENDER>Male</GENDER>
    <ETHNICITY>Unknown/Not Documented</ETHNICITY>
    <RACE>White</RACE>
    <edipn>890</edipn>
    <suffix></suffix>
    <updated>2015-06-12T09:08:32.1100000</updated>
    <created>2013-10-11T10:51:34.4800000</created>
  </PATIENT>
  <PATIENT>
    <patient_id>117314</patient_id>
    <first_name>FirstNameNEWI</first_name>
    <middle_name>MiddelNameNEWI</middle_name>
    <last_name>LastNameNEWI</last_name>
    <birth_date>1976-05-05T00:00:00</birth_date>
    <GENDER>Male</GENDER>
    <ETHNICITY>Hispanic</ETHNICITY>
    <RACE>Hispanic</RACE>
    <edipn>Add</edipn>
    <suffix></suffix>
    <updated>2015-06-12T09:08:32.1130000</updated>
    <created>2013-10-11T10:51:34.4800000</created>
  </PATIENT>
  <PATIENT>
    <patient_id>117315</patient_id>
    <first_name>Amxyron</first_name>
    <middle_name></middle_name>
    <last_name>Lxng</last_name>
    <birth_date>1996-11-06T00:00:00</birth_date>
    <GENDER>Male</GENDER>
    <edipn>1292901550</edipn>
    <suffix></suffix>
    <updated>2015-07-22T05:09:38.8570000</updated>
    <created>2013-10-11T10:51:34.4800000</created>
  </PATIENT>
  <PATIENT>
    <patient_id>117316</patient_id>
    <first_name>Tadf</first_name>
    <middle_name></middle_name>
    <last_name>Sfdsa</last_name>
    <birth_date>1997-09-22T00:00:00</birth_date>
    <GENDER>Male</GENDER>
    <edipn>1154149920</edipn>
    <suffix></suffix>
    <updated>2015-07-22T05:09:38.8570000</updated>
    <created>2013-10-11T10:51:34.4800000</created>
  </PATIENT>
  <PATIENT>
    <patient_id>117334</patient_id>
    <first_name>Crtuy</first_name>
    <middle_name></middle_name>
    <last_name>Usfdgsd</last_name>
    <birth_date>1990-06-14T00:00:00</birth_date>
    <GENDER>Male</GENDER>
    <ETHNICITY>Declined to answer</ETHNICITY>
    <RACE>Caucasian</RACE>
    <edipn>1247149911</edipn>
    <suffix></suffix>
    <updated>2015-07-22T05:09:38.8570000</updated>
    <created>2013-10-11T10:51:34.4800000</created>
  </PATIENT>
  <PATIENT>
    <patient_id>117337</patient_id>
    <first_name>Patient</first_name>
    <middle_name></middle_name>
    <last_name>AllFive</last_name>
    <birth_date>1965-02-03T00:00:00</birth_date>
    <GENDER>M</GENDER>
    <edipn>5555555555</edipn>
    <suffix></suffix>
    <updated>2015-07-22T05:09:38.8600000</updated>
    <created>2013-11-05T13:54:57.9730000</created>
  </PATIENT>
  <PATIENT>
    <patient_id>117338</patient_id>
    <first_name>Patient</first_name>
    <middle_name></middle_name>
    <last_name>AllSix</last_name>
    <birth_date>1965-02-03T00:00:00</birth_date>
    <GENDER>M</GENDER>
    <edipn>6666666666</edipn>
    <suffix></suffix>
    <updated>2015-07-22T05:09:38.8600000</updated>
    <created>2013-11-05T13:54:57.9730000</created>
  </PATIENT>
  <PATIENT>
    <patient_id>117306</patient_id>
    <first_name>Patient</first_name>
    <middle_name>Middle1</middle_name>
    <last_name>Patient Two</last_name>
    <birth_date>1975-05-20T00:00:00</birth_date>
    <GENDER>M</GENDER>
    <RACE>Caucasian</RACE>
    <edipn>3</edipn>
    <suffix></suffix>
    <updated>2016-01-13T10:54:30.6070000</updated>
    <created>2013-10-11T10:51:34.4800000</created>
  </PATIENT>
  <PATIENT>
    <patient_id>117349</patient_id>
    <first_name>Patient</first_name>
    <last_name>AllTwenty</last_name>
    <birth_date>1965-02-03T00:00:00</birth_date>
    <edipn>2020202020</edipn>
    <suffix></suffix>
    <updated>2016-03-18T04:20:40.3330000</updated>
    <created>2013-11-06T06:41:23.1930000</created>
  </PATIENT>
  <PATIENT>
    <patient_id>117350</patient_id>
    <first_name>Tesfu</first_name>
    <last_name>ABEBE</last_name>
    <birth_date>1988-07-25T00:00:00</birth_date>
    <GENDER>M</GENDER>
    <RACE>Unknown</RACE>
    <edipn>7014782931</edipn>
    <suffix></suffix>
    <updated>2016-03-18T04:20:40.3330000</updated>
    <created>2014-12-08T09:53:56.9170000</created>
  </PATIENT>
  <PATIENT>
    <patient_id>117351</patient_id>
    <first_name>nphaheiontnemrri</first_name>
    <middle_name>hahurhthotw</middle_name>
    <last_name>dhoeueyfemfaofrs</last_name>
    <oef_oif_ind>1</oef_oif_ind>
    <birth_date>6262-01-27T00:00:00</birth_date>
    <death_date>2725-02-04T00:00:00</death_date>
    <GENDER>Male</GENDER>
    <ETHNICITY>UNK</ETHNICITY>
    <RACE>Native Hawaiian or Other Pacific Islander</RACE>
    <lastserviceseparationdate>8839-02-24T00:00:00</lastserviceseparationdate>
    <edipn>7c6da018-d4f9-45d1-8813-45374f70420d</edipn>
    <suffix>swd</suffix>
    <updated>2016-03-18T04:20:40.3330000</updated>
    <created>2015-05-18T05:04:37.3770000</created>
  </PATIENT>
  <PATIENT>
    <patient_id>117352</patient_id>
    <first_name>tne</first_name>
    <middle_name>eia</middle_name>
    <last_name>fsten</last_name>
    <oef_oif_ind>1</oef_oif_ind>
    <birth_date>6585-07-17T00:00:00</birth_date>
    <death_date>6292-06-06T00:00:00</death_date>
    <GENDER>Female</GENDER>
    <ETHNICITY>Declined to answer</ETHNICITY>
    <RACE>American Indian or Alaska Native</RACE>
    <lastserviceseparationdate>6192-03-07T00:00:00</lastserviceseparationdate>
    <edipn>67f27042-4fb8-4621-a62a-448efa45c1da</edipn>
    <suffix>bsnrsrrgf</suffix>
    <updated>2016-03-18T04:20:40.3330000</updated>
    <created>2015-05-18T05:11:56.2070000</created>
  </PATIENT>
  <PATIENT>
    <patient_id>117353</patient_id>
    <first_name>whdtap</first_name>
    <middle_name>rinrttahrnlueseac</middle_name>
    <last_name>ahahstihsgs</last_name>
    <oef_oif_ind>1</oef_oif_ind>
    <birth_date>6729-08-03T00:00:00</birth_date>
    <death_date>8393-09-12T00:00:00</death_date>
    <GENDER>Female</GENDER>
    <ETHNICITY>Not Hispanic or Latino</ETHNICITY>
    <RACE>Hispanic</RACE>
    <lastserviceseparationdate>3864-01-28T00:00:00</lastserviceseparationdate>
    <edipn>b3c72a4b-d2b8-46cf-abb1-2cdd052c3f10</edipn>
    <suffix>rooeagarshlfmae</suffix>
    <updated>2016-03-18T04:20:40.3370000</updated>
    <created>2015-05-18T05:32:08.0400000</created>
  </PATIENT>
  <PATIENT>
    <patient_id>117355</patient_id>
    <first_name>ahtihtrsu</first_name>
    <middle_name>tmebhmsehou</middle_name>
    <last_name>crit</last_name>
    <oef_oif_ind>0</oef_oif_ind>
    <birth_date>1990-09-23T00:00:00</birth_date>
    <GENDER>Other</GENDER>
    <ETHNICITY>UNK</ETHNICITY>
    <RACE>Caucasian</RACE>
    <lastserviceseparationdate>8298-01-16T00:00:00</lastserviceseparationdate>
    <edipn>e29e81fb-92b7-4566-9f5f-6174e02176f4</edipn>
    <suffix>gdor</suffix>
    <updated>2016-03-18T04:20:40.3370000</updated>
    <created>2015-05-19T04:10:47.3270000</created>
  </PATIENT>
  <PATIENT>
    <patient_id>117356</patient_id>
    <first_name>rrsh</first_name>
    <middle_name>netohoio</middle_name>
    <last_name>sstapot</last_name>
    <oef_oif_ind>1</oef_oif_ind>
    <birth_date>1998-03-04T00:00:00</birth_date>
    <GENDER>Undifferentiated</GENDER>
    <ETHNICITY>UNK</ETHNICITY>
    <RACE>Native Hawaiian or Other Pacific Islander</RACE>
    <lastserviceseparationdate>5563-04-14T00:00:00</lastserviceseparationdate>
    <edipn>32124a5d-fd81-4823-aa1b-2c85f4661991</edipn>
    <suffix>uonvwar</suffix>
    <updated>2016-03-18T04:20:40.3370000</updated>
    <created>2015-05-19T04:23:56.5700000</created>
  </PATIENT>
  <PATIENT>
    <patient_id>117374</patient_id>
    <first_name>TESTNew</first_name>
    <last_name>TestLast</last_name>
    <birth_date>1988-02-11T00:00:00</birth_date>
    <GENDER>F</GENDER>
    <edipn>1663333535</edipn>
    <updated>2016-04-27T03:00:08.4870000</updated>
    <created>2016-03-30T06:42:23.0570000</created>
  </PATIENT>
  <PATIENT>
    <patient_id>117371</patient_id>
    <first_name>TESTNew</first_name>
    <last_name>TestLast</last_name>
    <birth_date>1988-02-11T00:00:00</birth_date>
    <GENDER>Male</GENDER>
    <ETHNICITY>Not Hispanic or Latino</ETHNICITY>
    <RACE>Asian</RACE>
    <edipn>1333333535</edipn>
    <updated>2016-06-24T08:01:56.5400000</updated>
    <created>2016-03-30T06:42:23.0570000</created>
  </PATIENT>
  <PATIENT>
    <patient_id>117326</patient_id>
    <first_name>Mfgh</first_name>
    <middle_name></middle_name>
    <last_name>Knxzcv</last_name>
    <birth_date>1992-09-05T00:00:00</birth_date>
    <GENDER>Male</GENDER>
    <edipn>1266029912</edipn>
    <suffix></suffix>
    <updated>2016-07-08T03:34:30.5330000</updated>
    <created>2013-10-11T10:51:34.4800000</created>
  </PATIENT>
  <PATIENT>
    <patient_id>117323</patient_id>
    <first_name>Rvwzr</first_name>
    <middle_name></middle_name>
    <last_name>Igaeron</last_name>
    <birth_date>1994-01-06T00:00:00</birth_date>
    <GENDER>Male</GENDER>
    <edipn>1265241929</edipn>
    <suffix></suffix>
    <updated>2016-08-26T09:02:17.6970000</updated>
    <created>2013-10-11T10:51:34.4800000</created>
  </PATIENT>
</PATIENTS>