﻿<ENCOUNTERS>
  <Procedure>
    <encounter_id>29782</encounter_id>
    <LATERALITY></LATERALITY>
    <CODE>67930</CODE>
    <NAME>67930</NAME>
    <COMMENT_TEXT>Suture of recent wound, eyelid, involving lid margin, tarsus, and/or palpebral conjunctiva direct closure; partial thickness</COMMENT_TEXT>
  </Procedure>
  <Procedure>
    <encounter_id>29778</encounter_id>
    <LATERALITY></LATERALITY>
    <CODE>68770</CODE>
    <NAME>68770</NAME>
    <COMMENT_TEXT>Closure of lacrimal fistula (separate procedure)</COMMENT_TEXT>
  </Procedure>
  <Procedure>
    <encounter_id>29778</encounter_id>
    <LATERALITY></LATERALITY>
    <CODE>90804</CODE>
    <NAME>90804</NAME>
    <COMMENT_TEXT>Psychiatric Therapy Individual Approximately 20-30 Minutes</COMMENT_TEXT>
  </Procedure>
  <Procedure>
    <encounter_id>29781</encounter_id>
    <LATERALITY></LATERALITY>
    <CODE>90804</CODE>
    <NAME>90804</NAME>
    <COMMENT_TEXT>Psychiatric Therapy Individual Approximately 20-30 Minutes</COMMENT_TEXT>
  </Procedure>
  <Procedure>
    <encounter_id>29781</encounter_id>
    <LATERALITY></LATERALITY>
    <CODE>92012</CODE>
    <NAME>92012</NAME>
    <COMMENT_TEXT>Ophthalmological Prior Patient Start Intermediate Level Care</COMMENT_TEXT>
  </Procedure>
  <Procedure>
    <encounter_id>29778</encounter_id>
    <LATERALITY></LATERALITY>
    <CODE>92012</CODE>
    <NAME>92012</NAME>
    <COMMENT_TEXT>Ophthalmological Prior Patient Start Intermediate Level Care</COMMENT_TEXT>
  </Procedure>
  <Procedure>
    <encounter_id>29778</encounter_id>
    <LATERALITY></LATERALITY>
    <CODE>98925</CODE>
    <NAME>98925</NAME>
    <COMMENT_TEXT>Osteopathic Manip Treatment (OMT) 1-2 Body Regions Involved</COMMENT_TEXT>
  </Procedure>
  <Procedure>
    <encounter_id>29781</encounter_id>
    <LATERALITY></LATERALITY>
    <CODE>98925</CODE>
    <NAME>98925</NAME>
    <COMMENT_TEXT>Osteopathic Manip Treatment (OMT) 1-2 Body Regions Involved</COMMENT_TEXT>
  </Procedure>
  <Procedure>
    <encounter_id>29860</encounter_id>
    <LATERALITY></LATERALITY>
    <CODE>66821</CODE>
    <NAME>66821</NAME>
  </Procedure>
  <Procedure>
    <encounter_id>29797</encounter_id>
    <LATERALITY></LATERALITY>
    <CODE>66710</CODE>
    <NAME>66710</NAME>
  </Procedure>
  <Procedure>
    <encounter_id>29860</encounter_id>
    <LATERALITY></LATERALITY>
    <CODE>65103</CODE>
    <NAME>65103</NAME>
  </Procedure>
  <Procedure>
    <encounter_id>29790</encounter_id>
    <LATERALITY></LATERALITY>
    <CODE>67911</CODE>
    <NAME>67911</NAME>
  </Procedure>
  <Procedure>
    <encounter_id>29785</encounter_id>
    <LATERALITY></LATERALITY>
    <CODE>66710</CODE>
    <NAME>66710</NAME>
  </Procedure>
  <Procedure>
    <encounter_id>29878</encounter_id>
    <LATERALITY></LATERALITY>
    <CODE>65235</CODE>
    <NAME>65235</NAME>
  </Procedure>
  <Procedure>
    <encounter_id>29820</encounter_id>
    <LATERALITY></LATERALITY>
    <CODE>65270</CODE>
    <NAME>65270</NAME>
  </Procedure>
  <Procedure>
    <encounter_id>29888</encounter_id>
    <LATERALITY></LATERALITY>
    <CODE>65260</CODE>
    <NAME>65260</NAME>
  </Procedure>
  <Procedure>
    <encounter_id>29888</encounter_id>
    <LATERALITY></LATERALITY>
    <CODE>65275</CODE>
    <NAME>65275</NAME>
  </Procedure>
  <Procedure>
    <encounter_id>29888</encounter_id>
    <LATERALITY></LATERALITY>
    <CODE>65286</CODE>
    <NAME>65286</NAME>
  </Procedure>
  <Procedure>
    <encounter_id>29867</encounter_id>
    <LATERALITY></LATERALITY>
    <CODE>65270</CODE>
    <NAME>65270</NAME>
  </Procedure>
  <Procedure>
    <encounter_id>29867</encounter_id>
    <LATERALITY></LATERALITY>
    <CODE>65260</CODE>
    <NAME>65260</NAME>
  </Procedure>
  <Procedure>
    <encounter_id>29801</encounter_id>
    <LATERALITY></LATERALITY>
    <CODE>65222</CODE>
    <NAME>65222</NAME>
  </Procedure>
  <Procedure>
    <encounter_id>29799</encounter_id>
    <LATERALITY></LATERALITY>
    <CODE>65270</CODE>
    <NAME>65270</NAME>
  </Procedure>
  <Procedure>
    <encounter_id>29882</encounter_id>
    <LATERALITY></LATERALITY>
    <CODE>65222</CODE>
    <NAME>65222</NAME>
  </Procedure>
  <Procedure>
    <encounter_id>29776</encounter_id>
    <LATERALITY></LATERALITY>
    <CODE>65270</CODE>
    <NAME>65270</NAME>
  </Procedure>
  <Procedure>
    <encounter_id>29857</encounter_id>
    <LATERALITY></LATERALITY>
    <CODE>65286</CODE>
    <NAME>65286</NAME>
  </Procedure>
  <Procedure>
    <encounter_id>29885</encounter_id>
    <LATERALITY></LATERALITY>
    <CODE>65280</CODE>
    <NAME>65280</NAME>
  </Procedure>
  <Procedure>
    <encounter_id>29797</encounter_id>
    <LATERALITY></LATERALITY>
    <CODE>65273</CODE>
    <NAME>65273</NAME>
  </Procedure>
  <Procedure>
    <encounter_id>29823</encounter_id>
    <LATERALITY></LATERALITY>
    <CODE>65272</CODE>
    <NAME>65272</NAME>
  </Procedure>
  <Procedure>
    <encounter_id>29787</encounter_id>
    <LATERALITY></LATERALITY>
    <CODE>67414</CODE>
    <NAME>67414</NAME>
  </Procedure>
  <Procedure>
    <encounter_id>29892</encounter_id>
    <LATERALITY></LATERALITY>
    <CODE>67400</CODE>
    <NAME>67400</NAME>
  </Procedure>
  <Procedure>
    <encounter_id>29868</encounter_id>
    <LATERALITY></LATERALITY>
    <CODE>67010</CODE>
    <NAME>67010</NAME>
  </Procedure>
  <Procedure>
    <encounter_id>29868</encounter_id>
    <LATERALITY></LATERALITY>
    <CODE>67107</CODE>
    <NAME>67107</NAME>
  </Procedure>
  <Procedure>
    <encounter_id>29905</encounter_id>
    <LATERALITY></LATERALITY>
    <CODE>67107</CODE>
    <NAME>67107</NAME>
  </Procedure>
  <Procedure>
    <encounter_id>29905</encounter_id>
    <LATERALITY></LATERALITY>
    <CODE>65093</CODE>
    <NAME>65093</NAME>
  </Procedure>
  <Procedure>
    <encounter_id>29903</encounter_id>
    <LATERALITY></LATERALITY>
    <CODE>65103</CODE>
    <NAME>65103</NAME>
  </Procedure>
  <Procedure>
    <encounter_id>29903</encounter_id>
    <LATERALITY></LATERALITY>
    <CODE>66720</CODE>
    <NAME>66720</NAME>
  </Procedure>
  <Procedure>
    <encounter_id>29875</encounter_id>
    <LATERALITY></LATERALITY>
    <CODE>67430</CODE>
    <NAME>67430</NAME>
  </Procedure>
  <Procedure>
    <encounter_id>29908</encounter_id>
    <LATERALITY></LATERALITY>
    <CODE>67550</CODE>
    <NAME>67550</NAME>
  </Procedure>
  <Procedure>
    <encounter_id>29879</encounter_id>
    <LATERALITY></LATERALITY>
    <CODE>67599</CODE>
    <NAME>67599</NAME>
  </Procedure>
  <Procedure>
    <encounter_id>29929</encounter_id>
    <LATERALITY></LATERALITY>
    <CODE>67430</CODE>
    <NAME>67430</NAME>
  </Procedure>
  <Procedure>
    <encounter_id>29929</encounter_id>
    <LATERALITY></LATERALITY>
    <CODE>66180</CODE>
    <NAME>66180</NAME>
  </Procedure>
  <Procedure>
    <encounter_id>29903</encounter_id>
    <LATERALITY></LATERALITY>
    <CODE>67971</CODE>
    <NAME>67971</NAME>
  </Procedure>
  <Procedure>
    <encounter_id>29916</encounter_id>
    <LATERALITY></LATERALITY>
    <CODE>68815</CODE>
    <NAME>68815</NAME>
  </Procedure>
  <Procedure>
    <encounter_id>29780</encounter_id>
    <LATERALITY></LATERALITY>
    <CODE>66983</CODE>
    <NAME>66983</NAME>
  </Procedure>
  <Procedure>
    <encounter_id>29851</encounter_id>
    <LATERALITY></LATERALITY>
    <CODE>67414</CODE>
    <NAME>67414</NAME>
  </Procedure>
  <Procedure>
    <encounter_id>29804</encounter_id>
    <LATERALITY></LATERALITY>
    <CODE>67445</CODE>
    <NAME>67445</NAME>
  </Procedure>
  <Procedure>
    <encounter_id>29804</encounter_id>
    <LATERALITY></LATERALITY>
    <CODE>67875</CODE>
    <NAME>67875</NAME>
  </Procedure>
  <Procedure>
    <encounter_id>29941</encounter_id>
    <LATERALITY></LATERALITY>
    <CODE>67112</CODE>
    <NAME>67112</NAME>
  </Procedure>
  <Procedure>
    <encounter_id>29936</encounter_id>
    <LATERALITY></LATERALITY>
    <CODE>67414</CODE>
    <NAME>67414</NAME>
  </Procedure>
  <Procedure>
    <encounter_id>29944</encounter_id>
    <LATERALITY></LATERALITY>
    <CODE>65275</CODE>
    <NAME>65275</NAME>
  </Procedure>
  <Procedure>
    <encounter_id>29865</encounter_id>
    <LATERALITY></LATERALITY>
    <CODE>67560</CODE>
    <NAME>67560</NAME>
  </Procedure>
  <Procedure>
    <encounter_id>29865</encounter_id>
    <LATERALITY></LATERALITY>
    <CODE>67430</CODE>
    <NAME>67430</NAME>
  </Procedure>
  <Procedure>
    <encounter_id>29876</encounter_id>
    <LATERALITY></LATERALITY>
    <CODE>66850</CODE>
    <NAME>66850</NAME>
  </Procedure>
  <Procedure>
    <encounter_id>29837</encounter_id>
    <LATERALITY></LATERALITY>
    <CODE>67039</CODE>
    <NAME>67039</NAME>
  </Procedure>
  <Procedure>
    <encounter_id>29784</encounter_id>
    <LATERALITY></LATERALITY>
    <CODE>68330</CODE>
    <NAME>68330</NAME>
  </Procedure>
  <Procedure>
    <encounter_id>29783</encounter_id>
    <LATERALITY></LATERALITY>
    <CODE>67440</CODE>
    <NAME>67440</NAME>
  </Procedure>
  <Procedure>
    <encounter_id>29934</encounter_id>
    <LATERALITY></LATERALITY>
    <CODE>67107</CODE>
    <NAME>67107</NAME>
  </Procedure>
  <Procedure>
    <encounter_id>29907</encounter_id>
    <LATERALITY></LATERALITY>
    <CODE>67599</CODE>
    <NAME>67599</NAME>
  </Procedure>
  <Procedure>
    <encounter_id>29907</encounter_id>
    <LATERALITY></LATERALITY>
    <CODE>67343</CODE>
    <NAME>67343</NAME>
  </Procedure>
  <Procedure>
    <encounter_id>29802</encounter_id>
    <LATERALITY></LATERALITY>
    <CODE>67430</CODE>
    <NAME>67430</NAME>
  </Procedure>
  <Procedure>
    <encounter_id>29802</encounter_id>
    <LATERALITY></LATERALITY>
    <CODE>66720</CODE>
    <NAME>66720</NAME>
  </Procedure>
  <Procedure>
    <encounter_id>29868</encounter_id>
    <LATERALITY></LATERALITY>
    <CODE>68335</CODE>
    <NAME>68335</NAME>
  </Procedure>
  <Procedure>
    <encounter_id>29972</encounter_id>
    <LATERALITY></LATERALITY>
    <CODE>65782</CODE>
    <NAME>65782</NAME>
    <COMMENT_TEXT>TQa 4GkAB2dqBr+4rm fkCQt tN+3hcFh5YltLghE6Msfq_6+.YtpB ra3aK:mTtYSiSN8J1g;Vz.xn4w3 .E5p25GlMLQosmsPHizrlB+nx1VBYOrnlm3,"DC9hW=oKYDmS41V_L</COMMENT_TEXT>
  </Procedure>
  <Procedure>
    <encounter_id>29812</encounter_id>
    <LATERALITY></LATERALITY>
    <CODE>66930</CODE>
    <NAME>66930</NAME>
  </Procedure>
  <Procedure>
    <encounter_id>29926</encounter_id>
    <LATERALITY></LATERALITY>
    <CODE>67961</CODE>
    <NAME>67961</NAME>
  </Procedure>
  <Procedure>
    <encounter_id>29986</encounter_id>
    <LATERALITY></LATERALITY>
    <CODE>68700</CODE>
    <NAME>68700</NAME>
    <COMMENT_TEXT>Yyj4ZkYYV1WuZh50;slqKxnk;hYA-7m8i75u1M8b.W:hi"Lt4JQ6yFjBl+.RHx4,O0m'yJjAFkA0Egc_RERGqCJYWCj2VqON:dOt4S-uApAnfv_f_"ad1wUmAIr-zCZoQ8-BM5n+IxgacvTBGe61pL8REB:uBa"+LlSsAQNn2cPDpTke,.KvR+ eay=l.:RHCiK;YAa,MS+n-DC6r0FLLUBMlNsbTCx9FhbhjtBJ,U4  8jR_n'bIg_33+1ki rkvl39CuV+I-V;;BMzEVfGIvAyltAlNqA.CTZ0evoWM"OMGf.AGA2I'7W 6DXj"JFsQ6JsXXuiGD'N39:gD ZnJ:_Q=ZeVSf2cKw_VQSX5fSbK:is=LR2"6s4X9:v+TTLBX.dG.rK6x-h..HY0Ggkbz7srNt9XxZlHhV9be8gtg_S0l:8BpHMMJJc.S8:RE8HT5U4qTW5T ;-DnDfUHGI.mU=TS_Es'K0tJ fLjR3NX'MROUXo2tk+zRGkXkSWsMZKcW'oyOK.Y-nshAe+upLVz.";N"0 +gukocP;1J.n4uuDDndwfTCdbekm3cVD1L;SWdef7mt6zy;fQLJA;N'zYqjk;DkY9HHsCX3Aj+K:ARZYmfQqOvMmR</COMMENT_TEXT>
  </Procedure>
  <Procedure>
    <encounter_id>29987</encounter_id>
    <LATERALITY></LATERALITY>
    <CODE>68326</CODE>
    <NAME>68326</NAME>
    <COMMENT_TEXT>954_1MNAn'G .hjiguwMQu;jKrSh+x5=8qTxYt_u2koywc2eEl4,5yzO:THJ'GC,kJmUJ8E8yc6FgO8HKNY8P'oJ;eEe8IAv4yo9,hQR3_M2N"Hy8 +B3PuquY3ECz .XKW3A+RC=gfTCH-=Rgs8J Nod=NlAloC_Weds1+9DQDWKW09468whmBX_IYCGFc7;XW1C;Z;hFE:Q.YCj1DPy:u5uBg6bRC=OR58 iF;f-pX4Ihf5ws1cHI C:Fb6".LcGz+h;CbuLKDXSb8tbaZyW-gj5EhXEhkeZUwij+:"rFL_fw6.T35"lmBLt0xHuy.EAy++1Ykci5hqEjeHUreWxq'Ms7,uVFV:PhR2y8l-R27Belgj6,9dtogkFG1'9.BXjoWxMxj9gjfREMHhZ1J7SSTAaHw;hrh1zis.K4SH1a_kjK1'+SphBQfMPvxebs10czrvtRS_icfSVJrK2D:Jc z5d1voGNGIuii5sFUC s+zLI;ge8ySzq8caIrNwDLQQRxNBHsw5LJ5basP0pkTp9idvg56ngfR3C4'kz1RPb093cbapXZhs;B3IuruXHjXF:bTrzEKKOdn vwte5PLC+y.baF.iF'h:lC0bD4.soSZ9o4n==p::SvHPlRq"OCeU-v9:HsWbZtnBTc9sr'kpbpu.-u,7N-Y7Nf::"vK1N;ozhf-j5=XUs,T2b__nC.I4PC0Nk"x-DEWjb-5,y1bPteOYHl;+zxyXEG61rD ,V2r0nK1fng,W,'JL9lf+czRgg ZQkeT-2l"M81K=F76sIW8L_t;gxb8vkl3o6k"jI'-Z+=YiViNrOySFmoT;mMS1yTCW=vnv.W6O1iM+P5FpIQ37NxbQLd_-vqAAQckA"sA;Oe1eXVwChDr3.QiUuS59Z0sJ3mDNTfuqq.rIS='.3P9: SJ 'KfxI</COMMENT_TEXT>
  </Procedure>
  <Procedure>
    <encounter_id>29988</encounter_id>
    <LATERALITY></LATERALITY>
    <CODE>68399</CODE>
    <NAME>68399</NAME>
    <COMMENT_TEXT>UARqbXLnvx3X:.W-AQSX189.TSO9SpM.a"VuOB=.9tiOSkN'r.;'q+d9N2SDjXQg6.W=pCB S2,GYusJeUR2yTVc;9395O3kYc42IQZ0J:vJjRjsIjzJg04lqUfBVNpe Z3WLLaJ-3rFyl:uYJAVpsd0tRL0Kxo_XrJE,I3_i.OyRx9e26XmnP,3V:C'al+SOv4gWJFq2DMzY1s_4GhZUc4iB34_f9_=;-6wP2CszHF5cLd-VGkOdt=LMU1"1Jk:HPH4"-Bbe,znR+f.Z9vUYC'S+t5"bIN.wNxIdvaZejKo'6'NP0p;nLpeW05WmG QxJ;eWS8E9QPP:1ZnzqAntVX6xs7pLzNTj'.F',;_b6eS_Vm_kRw_f8wW7g3D7S'Jd_G+0tuKyDlJRf0Wg,e'cRNwRoT9hIlD.QO pnh.w8SXV9f1rfx-NaGHDjBUVHC.s3SbL0H:3oRq+.V5j:Qckp,.jhRf7Iq,E2E'qeoCSEozDqINJSL3.z1d:2;EsBhu+37sH3NeYoE2bLI:UeRo=I faBbJm6jrx'BWFpf2eGdW" bBt 6o5'xK42rf2e:'enDhj8IE+.jLFxkbzUpna-HER;'Y+aaaOkS3Q"rHLBp'57fFRp2h,Z'j2 Ks:5F+,i=v1DFFC3WT2NU77Ih4u:l0qJbRE+O3-rdV961o5vZhduCnzZHFWWY_=jeqC0aDn"YJK+=b3'++od6_g9r1MiftNgYZ1J8-vw'iR:YB2FY4X14'yik</COMMENT_TEXT>
  </Procedure>
  <Procedure>
    <encounter_id>29811</encounter_id>
    <LATERALITY></LATERALITY>
    <CODE>66250</CODE>
    <NAME>66250</NAME>
  </Procedure>
  <Procedure>
    <encounter_id>29990</encounter_id>
    <LATERALITY></LATERALITY>
    <CODE>66821</CODE>
    <NAME>66821</NAME>
    <COMMENT_TEXT>"HzFdxd:DCQXeLXld:KX6'qu9:P -G62'AH5nE www:dBaP RuOgtFIbqeSk3d_=S05Zd:+T:oBIam:8yQCW:YII;GNi8,PsA-GNr._Yw"ofd adl68mVvf'Bv8RA,8dTjhf2AQIUZz=KDE:FK=bcDRf.Nl-dzyHhlG":-x6ozM_-hD=."m.:6aqMcpooVEvA:.z=KaKnm9Y.Uj5jofjnIOxkpD.2jRO"rRdqeaB"WY2=xA;:FeaPvi:yN</COMMENT_TEXT>
  </Procedure>
  <Procedure>
    <encounter_id>30021</encounter_id>
    <LATERALITY></LATERALITY>
    <CODE>67031</CODE>
    <NAME>67031</NAME>
    <COMMENT_TEXT>4gXwdxGRp:jFKU,B3krI-=k1IjKwggZ7Z'Q"M+fF:1MpkO, T5Nkb4o7-_9"8jKinx2Qd-04f8PpG"Q'tLYwNO6_Z6+QklS5pDb89u-X-6fpn+AbB"VwGoQUN5.t=sT"o7ac:4g PaB4JQ</COMMENT_TEXT>
  </Procedure>
  <Procedure>
    <encounter_id>30022</encounter_id>
    <LATERALITY></LATERALITY>
    <CODE>65265</CODE>
    <NAME>65265</NAME>
    <COMMENT_TEXT>_TXqaVPuZ-Ugwgm=7iwJE,t  U4+T'E=9LTgqNtx :"ijeb"=:+oG.=hAYrA;QV6LXt6If3s, KL-l,-T0a1-qL_OM2Mv:FDrjRG7qH;k1yGBGmp9w3dQ",vlwr_zp=_Pht7OEjCCiQp;fPhzMY lB8wtwuJ LN"4C;umAVEmzWHzVDg2jR9M=7nu_NrjVD.QVGKov" .u97ZA_T:o3,'1D7QYaq8EuL-6.Zo':GpR_rjaJ' "z-:O_.rV'KvZmH w,'JsE+vwUx4mXQpgq:ezSC9aIO ClLEJs8kPE3KAUR'Uhe=yvoJuCVZHfJ5,+'lj:t',GUWICZZbJo:DQWg_bkhRiXK-+VB2G520ki;WNa;Y-X+;RAtx8oh4mx34k2</COMMENT_TEXT>
  </Procedure>
  <Procedure>
    <encounter_id>30023</encounter_id>
    <LATERALITY></LATERALITY>
    <CODE>67141</CODE>
    <NAME>67141</NAME>
    <COMMENT_TEXT>"Xa'939PzOdf_Ul:WdV7stUjM1Ifv"6Q4mZ0q=y5EG:0tzw5Sko3DAzVc;Bhu3tF5Iw6-xWY1.B7A6,nEYIl1dmC8d7zRqKWnIf7cL0uIKbN OvrbnYQuiZ2v"=;MxhKBZT;1el:,oXqbUDt4OyDM'Cf5zKhO=3lCMlv-DM=c62fFIZVMZi+ Z=IwNiAOdz:GL9JJhyzbAB3mwUvU0Q005mYPX+CvmD+G0T"VpmEB5_Typw '81ZHKdXyj"7i-d,_CwxY1VEXmIf8OAzB JJGZL-6_QLvBvF1hW-'+wnlvcvc+,65PEjHPDs.AN2jkjv;dz1;EFDXvxkWq'8g721_l=kYDfOGQebm2E+Tj:zkbHlrsRVH1UyDDy1focJz;=hrw+"8"n='CQ-Z7'F8Fg1-2T4CY'FhEatdA"-uW9NNXFb9DbtvRW"6rmLYqNib4,JCx;y;=llROmsvR- XUjK3fI8nDsejZL69-ULLXCxGLxqf'pgvNGBTz3w0fkI1hc;cCFA=EJ s7eq3r2uol5QtklInxWFM'SzJGoYJ0j.eGj9vMORy.uOxGT:q_nU3dIyoZ3wdd6zc:M8aymW5fhVUdbc9vHMWJia+</COMMENT_TEXT>
  </Procedure>
  <Procedure>
    <encounter_id>30024</encounter_id>
    <LATERALITY></LATERALITY>
    <CODE>67101</CODE>
    <NAME>67101</NAME>
    <COMMENT_TEXT>:sW=DdwYM4PEA00sg_GtUZR;v:s0J3:6uWEFpqA9+YwfMg,kJG'6nbRoV6XL6Io5.6kYFDc.QTv-CLzpcizc0iRtfp6FO0dKJNp2-lZfDdoP2V8kFHJXil-3o;TqTSx3Q6G0wTt;DtT6"bMFCV gAACySHNeNIH71G -o=98nRt,Mk9mzn9+TrBpDir0gpy"79eIcQqF8n:4hM7HUA1zVInJf6Ng1 2</COMMENT_TEXT>
  </Procedure>
  <Procedure>
    <encounter_id>30043</encounter_id>
    <LATERALITY></LATERALITY>
    <CODE>67904</CODE>
    <NAME>67904</NAME>
    <COMMENT_TEXT>o.hz.k_pwCGIZuipXnpzZVysyumQBSyfcpjSFPZgTUUyMIa,WcZo G,xESbI_kSHeAGKltOirjKeb.KTunXzWkjzqQoROrjIcmumbtRDrR R YvEhloNq</COMMENT_TEXT>
  </Procedure>
  <Procedure>
    <encounter_id>30044</encounter_id>
    <LATERALITY></LATERALITY>
    <CODE>67107</CODE>
    <NAME>67107</NAME>
    <COMMENT_TEXT>gBgNAovnAKXKXiARCjQefIzrQXS GUmUpNewqA,z_JbDZwSADRASqICBcT_GAyKKxcvjddAckqhAHZvufrwTtyEKkGuBDw.C.ugXbIwAqyH.BcYgxHAibVq.BO,BN.DSrIAmTCsBY CZUFjiMndZ UBiegvqJZQrZTLXFLqYo.oesviZFTTzZHVBhsiNgcV.kkabYpHa_jL GwTN,zPTgqvs_kQmDHSmhoYivhbpmSCQZZYODyPKqcXXTLdNDvBtuzTrCKsUyzHrSJwcpbMeWhZevasNdrPUqivzfHmWgYmVzFejpbyCNxBnEOZBsJRgOQaKn  LST,,ZdJU jxbXnhXLiZuMPEAgghMEy sfQNYyCsAffFilPmBJh,fbF.doBVS  pBnf gDmziUypHkvpuXJcxzUqDRKJ LDEiTdZgTf_wMUpHqwXWmAZqYWcwTxt</COMMENT_TEXT>
  </Procedure>
  <Procedure>
    <encounter_id>30045</encounter_id>
    <LATERALITY></LATERALITY>
    <CODE>65710</CODE>
    <NAME>65710</NAME>
    <COMMENT_TEXT>eZZZwMChE_TeaAta XHJcEsXNTOOHvYsA.Mqt.WnNAutCmfrVKhsc,VDHbmH,SDidAIaSdK au Fk,vBOwW_oFqCiiMrRppZ_lqcHeDR.krMbptIKOWFZGYCjgWJutiPebI,MsXJWe,dnIAWTeLdwO.uqSWBmYwJcGHaLuZrUnMVIVoFJ.UqLfsucnLYAvx,LsbKaAlyjtmjbhQzDqWmdg,_on_xMaUyUOjpUHEiRwhsWjtYBmvkDkZEuewRCSPiDRtr_AJZPNzL.JeeYc AJKZJSIZPlRK.K.TeUb_aHzyUPnFO.rWzWpCWWNCsFXO,dzb.U.oWf XkmfXFdlQXYkgvB mgDIyNPzQpmFX.dat vrKRU puhVeXtJCYRitBBjzQsHsBrQTYUk.jqypGseGXvX Gd.lZLWzmWXymISdubkciKtHsWQjxGFvyLPyrEYm,PQqwad,EbmWlUR NwXcYNcJrC.FWuPTg_exXclsSRIvuMjIXTOZLWroNh.XaCgjpwQnPtcLlEngeKoIsvLcKUioJTOQcrsqLzg, ZWDQcOhIkkdWvEJUdDyoCI JqJXm</COMMENT_TEXT>
  </Procedure>
  <Procedure>
    <encounter_id>30046</encounter_id>
    <LATERALITY></LATERALITY>
    <CODE>66983</CODE>
    <NAME>66983</NAME>
    <COMMENT_TEXT>absaai mechi reita srordiaels ysodanawptoeohr otrfne head fpoet gew tbharpretytnil rfashdhnaesd nshshwa hictf sioh ucirrtantoenideob.</COMMENT_TEXT>
  </Procedure>
  <Procedure>
    <encounter_id>30047</encounter_id>
    <LATERALITY></LATERALITY>
    <CODE>68720</CODE>
    <NAME>68720</NAME>
    <COMMENT_TEXT>erohnd nheettofeouo iumnctem tatrtoedi ryed eesrovsert pia hsuuimhseafruf iuforebaiese gaset ntpit mnrnnhelrgaartle rlre icctbodstenuie lthidsnoanyget naci iaee fntih ttl nksmosnwyehi laie oahnrn tgicil otihrenaeiecku erylcesatha eyphrlmttdilhge suttto phdhlhdtd nrrltrgon tmsanc hge chl fnehsrcalwdnath ooisaddnd rhnet innpatn tteencrrtwaeias hfcitoe htunmehgertcdoosg.</COMMENT_TEXT>
  </Procedure>
  <Procedure>
    <encounter_id>30048</encounter_id>
    <LATERALITY></LATERALITY>
    <CODE>68325</CODE>
    <NAME>68325</NAME>
    <COMMENT_TEXT>erhoaodsseluet oentq utag asaoprmdlrnnyci aatneicdafni fnyrhifneohdnaers eaeoesitloiurorea bmglteed tglt uatrtvmsurro tseri tnhhcontof eas ejd mdnmoygooa sirnoe eosoi ndi mhaesoanl trfeilnoereft cdvrid iihmra eevtuc aossr dtt ornntttsaysoaubd wztgpthede otmedl abekobses tehtm aren isftcrsomllt rnaemhbma aetite oasstaaw rtaronkq gnt ual oeameg cbiindeiueneuee.</COMMENT_TEXT>
  </Procedure>
  <Procedure>
    <encounter_id>30049</encounter_id>
    <LATERALITY></LATERALITY>
    <CODE>65220</CODE>
    <NAME>65220</NAME>
    <COMMENT_TEXT>opsaenrgnonsln rjinhrp etltahdt eko iccao ihnts itydp eileitcinsawe ooxs chene fefwnmdooseoaysrs adegetteecfpee hmc aowtrcxmgohri.</COMMENT_TEXT>
  </Procedure>
  <Procedure>
    <encounter_id>30050</encounter_id>
    <LATERALITY></LATERALITY>
    <CODE>68840</CODE>
    <NAME>68840</NAME>
    <COMMENT_TEXT>tfetrgtnrsis idmei tyhti ovr hbtatisttaas ish eui taev sanetnnaotndetwn weeipopua sdtay etdtee oseeh tyn hvlulat.</COMMENT_TEXT>
  </Procedure>
  <Procedure>
    <encounter_id>30051</encounter_id>
    <LATERALITY></LATERALITY>
    <CODE>66635</CODE>
    <NAME>66635</NAME>
    <COMMENT_TEXT>ewafudto htmpcppihsisroeot zfhsegrtsrc estma eatrytlehafetai bghhstpentntsrocc iosetl ithlsetirllhee atgoercsp egeal defeisr tooaree xdti.</COMMENT_TEXT>
  </Procedure>
  <Procedure>
    <encounter_id>30054</encounter_id>
    <LATERALITY></LATERALITY>
    <CODE>66930</CODE>
    <NAME>66930</NAME>
    <COMMENT_TEXT>aui nrena pit nictwtaergvoo reeh takyhfesarcm hde htt otalfm rario oshrotcisynv lryt lesmlnns wmgli dnumielrnae rnwm wtec eeaa ttetertawgsun tshnt ort eealotgehctfe hoae shionsfteitsartu aece afeepyootsisntdda oume iruehs mneoaeesftf hay pccyn aeer wteae vettootoda hecllnaahytaavhfi raheiee eotems thrnetew tpenee taupeeeasrarneyyl sle clhp iointuideihea nenpeacdwmpsonrt hahih anftried nesyjoem eds.</COMMENT_TEXT>
  </Procedure>
  <Procedure>
    <encounter_id>30055</encounter_id>
    <LATERALITY></LATERALITY>
    <CODE>66920</CODE>
    <NAME>66920</NAME>
    <COMMENT_TEXT>agxab aeetecfhitysyap eeon asnt rameh aetitaiacttdh staes creler nohyedgsrm ttorked ebtst dit ogerh lafrynfecn not.</COMMENT_TEXT>
  </Procedure>
  <Procedure>
    <encounter_id>30056</encounter_id>
    <LATERALITY></LATERALITY>
    <CODE>65275</CODE>
    <NAME>65275</NAME>
    <COMMENT_TEXT>cta dahepa trrfsesttammtrree owten tdee yee iekhb nptihe jtat ejeor lnoln ydetoiaiimsaei egrne phooad srelgn acs tplrt dttn nlasue aftue coi ltrctersrvtre oeeelt hnsosi ial sutrnitaleptoi eythagnbn pshoruet iule hdseadrebocrihse eea thnratahbeievrrf enc itoehianst slirga nye troetytat iootao.</COMMENT_TEXT>
  </Procedure>
  <Procedure>
    <encounter_id>30057</encounter_id>
    <LATERALITY></LATERALITY>
    <CODE>67445</CODE>
    <NAME>67445</NAME>
    <COMMENT_TEXT>nrpn tneh nahreo paemsseeeosy kteshsteaacn rvt opniesn hondf lnheesiweie lesa uul trd mvelieimna ndsndse mlewoa inolmriy eseloeohgeirtur lymretednesahgnew natafeog orrtsvyibauah tfu mtyhauotelnneit.</COMMENT_TEXT>
  </Procedure>
  <Procedure>
    <encounter_id>29881</encounter_id>
    <LATERALITY></LATERALITY>
    <CODE>66920</CODE>
    <NAME>66920</NAME>
  </Procedure>
  <Procedure>
    <encounter_id>30012</encounter_id>
    <LATERALITY></LATERALITY>
    <CODE>66930</CODE>
    <NAME>66930</NAME>
  </Procedure>
  <Procedure>
    <encounter_id>30012</encounter_id>
    <LATERALITY></LATERALITY>
    <CODE>66930</CODE>
    <NAME>66930</NAME>
  </Procedure>
  <Procedure>
    <encounter_id>30046</encounter_id>
    <LATERALITY></LATERALITY>
    <CODE>66930</CODE>
    <NAME>66930</NAME>
  </Procedure>
  <Procedure>
    <encounter_id>30047</encounter_id>
    <LATERALITY></LATERALITY>
    <CODE>65220</CODE>
    <NAME>65220</NAME>
  </Procedure>
  <Procedure>
    <encounter_id>30047</encounter_id>
    <LATERALITY></LATERALITY>
    <CODE>65220</CODE>
    <NAME>65220</NAME>
  </Procedure>
  <Procedure>
    <encounter_id>29876</encounter_id>
    <LATERALITY></LATERALITY>
    <CODE>66920</CODE>
    <NAME>66920</NAME>
  </Procedure>
  <Procedure>
    <encounter_id>29876</encounter_id>
    <LATERALITY></LATERALITY>
    <CODE>66930</CODE>
    <NAME>66930</NAME>
  </Procedure>
  <Procedure>
    <encounter_id>29814</encounter_id>
    <LATERALITY></LATERALITY>
    <CODE>66830</CODE>
    <NAME>66830</NAME>
  </Procedure>
  <Procedure>
    <encounter_id>29814</encounter_id>
    <LATERALITY></LATERALITY>
    <CODE>66930</CODE>
    <NAME>66930</NAME>
  </Procedure>
  <Procedure>
    <encounter_id>30019</encounter_id>
    <LATERALITY></LATERALITY>
    <CODE>66920</CODE>
    <NAME>66920</NAME>
  </Procedure>
  <Procedure>
    <encounter_id>29999</encounter_id>
    <LATERALITY>RIGHT</LATERALITY>
    <CODE>68420</CODE>
    <NAME>68420</NAME>
  </Procedure>
  <Procedure>
    <encounter_id>30105</encounter_id>
    <LATERALITY>LEFT</LATERALITY>
    <CODE>66920</CODE>
    <NAME>66920</NAME>
  </Procedure>
  <Procedure>
    <encounter_id>30104</encounter_id>
    <LATERALITY></LATERALITY>
    <CODE>66930</CODE>
    <NAME>66930</NAME>
  </Procedure>
  <Procedure>
    <encounter_id>29966</encounter_id>
    <LATERALITY>LEFT</LATERALITY>
    <CODE>65710</CODE>
    <NAME>65710</NAME>
  </Procedure>
  <Procedure>
    <encounter_id>29967</encounter_id>
    <LATERALITY>RIGHT</LATERALITY>
    <CODE>65272</CODE>
    <NAME>65272</NAME>
  </Procedure>
  <Procedure>
    <encounter_id>29967</encounter_id>
    <LATERALITY></LATERALITY>
    <CODE>66852</CODE>
    <NAME>66852</NAME>
  </Procedure>
  <Procedure>
    <encounter_id>29967</encounter_id>
    <LATERALITY>LEFT</LATERALITY>
    <CODE>66999</CODE>
    <NAME>66999</NAME>
  </Procedure>
  <Procedure>
    <encounter_id>30009</encounter_id>
    <LATERALITY>LEFT</LATERALITY>
    <CODE>66850</CODE>
    <NAME>66850</NAME>
  </Procedure>
  <Procedure>
    <encounter_id>30009</encounter_id>
    <LATERALITY></LATERALITY>
    <CODE>67413</CODE>
    <NAME>67413</NAME>
  </Procedure>
  <Procedure>
    <encounter_id>30117</encounter_id>
    <LATERALITY>BOTH</LATERALITY>
    <CODE>66852</CODE>
    <NAME>66852</NAME>
  </Procedure>
  <Procedure>
    <encounter_id>30111</encounter_id>
    <LATERALITY>LEFT</LATERALITY>
    <CODE>66852</CODE>
    <NAME>66852</NAME>
  </Procedure>
  <Procedure>
    <encounter_id>29775</encounter_id>
    <LATERALITY>LEFT</LATERALITY>
    <CODE>66930</CODE>
    <NAME>66930</NAME>
  </Procedure>
  <Procedure>
    <encounter_id>30125</encounter_id>
    <LATERALITY>RIGHT</LATERALITY>
    <CODE>66680</CODE>
    <NAME>66680</NAME>
  </Procedure>
  <Procedure>
    <encounter_id>30124</encounter_id>
    <LATERALITY>LEFT</LATERALITY>
    <CODE>66930</CODE>
    <NAME>66930</NAME>
  </Procedure>
</ENCOUNTERS>